gid,role,role_score,cluster_id,priority_score,evidence
100000000011452100,peripheral,0.4,0,0.39574561266536634,"peripheral: вход от 3, выход к 1; отдаёт 15.2%; оборот 126685 KZT"
100000000018102100,terminal,0.25,0,0.22753525197612834,"terminal: вход от 1, выход к 0; отдаёт 0.0%; оборот 7000 KZT; возможен артефакт обрыва графа на 4 колене"
100000000031787100,peripheral,0.4,1,0.31777109129391173,"peripheral: вход от 1, выход к 2; отдаёт 100.0%; оборот 180000 KZT"
100000000041368100,terminal,0.65,2,0.39374582640077094,"terminal: вход от 1, выход к 0; отдаёт 0.0%; оборот 160000 KZT; нет выхода в выборке"
100000000076451100,peripheral,0.4,3,0.40069600900616903,"peripheral: вход от 3, выход к 4; отдаёт 66.1%; оборот 145707 KZT"
100000000089154100,distributor,0.691069330199765,2,0.5207862394282127,"distributor: вход от 1, выход к 15; отдаёт 4255.0%; оборот 435500 KZT; рядом с входом ≤24ч: 27.4%"
100000000190228100,peripheral,0.4,4,0.3059063243723483,"peripheral: вход от 1, выход к 1; отдаёт 571.2%; оборот 33560 KZT"
100000000201868100,transit,0.8,5,0.4037151409436048,"transit: вход от 1, выход к 1; отдаёт 100.0%; оборот 380000 KZT; рядом с входом ≤24ч: 100.0%"
100000000254336100,peripheral,0.4,0,0.3433460222560588,"peripheral: вход от 2, выход к 1; отдаёт 61.7%; оборот 157177 KZT"
100000000267734100,distributor,0.7122340425531914,1,0.4970723675056606,"distributor: вход от 2, выход к 7; отдаёт 156.7%; оборот 462000 KZT; рядом с входом ≤24ч: 41.5%"
100000000274067100,peripheral,0.4,1,0.39925054258867465,"peripheral: вход от 2, выход к 3; отдаёт 573.5%; оборот 3486704 KZT"
100000000287768100,terminal,0.65,0,0.3095827393871452,"terminal: вход от 1, выход к 0; отдаёт 0.0%; оборот 35168 KZT; нет выхода в выборке"
100000000288317100,peripheral,0.4,0,0.35211091502189806,"peripheral: вход от 2, выход к 3; отдаёт 53.5%; оборот 153500 KZT"
100000000291906100,peripheral,0.4,6,0.3521741609708466,"peripheral: вход от 2, выход к 2; отдаёт 117.5%; оборот 843854 KZT"
100000000291908100,peripheral,0.4,6,0.33317635277330937,"peripheral: вход от 1, выход к 1; отдаёт 4.5%; оборот 308800 KZT"
100000000297649100,peripheral,0.4,7,0.3324312376592971,"peripheral: вход от 1, выход к 1; отдаёт 176.5%; оборот 110600 KZT"
100000000299820100,terminal,0.25,8,0.23278200775124674,"terminal: вход от 1, выход к 0; отдаёт 0.0%; оборот 10000 KZT; возможен артефакт обрыва графа на 4 колене"
100000000307908100,terminal,0.65,9,0.2892200028415821,"terminal: вход от 1, выход к 0; отдаёт 0.0%; оборот 5000 KZT; нет выхода в выборке"
100000000331309100,distributor,0.6868909793436262,10,0.6945881363950606,"distributor: вход от 5, выход к 99; отдаёт 2336.0%; оборот 23986010 KZT; рядом с входом ≤24ч: 24.6%"
100000000332284100,peripheral,0.4,10,0.4228325460492154,"peripheral: вход от 10, выход к 3; отдаёт 269.5%; оборот 396926 KZT"
100000000343175100,distributor,0.55,11,0.6645284286087763,"distributor: вход от 8, выход к 31; отдаёт 2238.3%; оборот 4178751 KZT; рядом с входом ≤24ч: 78.4%; вход seed неполон"
100000000369781100,terminal,0.25,10,0.2504802222178574,"terminal: вход от 1, выход к 0; отдаёт 0.0%; оборот 5000 KZT; возможен артефакт обрыва графа на 4 колене"
100000000375150100,terminal,0.25,12,0.28281885312970156,"terminal: вход от 1, выход к 0; отдаёт 0.0%; оборот 300000 KZT; возможен артефакт обрыва графа на 4 колене"
100000000404740100,terminal,0.25,13,0.24626155435875058,"terminal: вход от 1, выход к 0; отдаёт 0.0%; оборот 25000 KZT; возможен артефакт обрыва графа на 4 колене"
100000000408846100,terminal,0.65,14,0.31165950345749077,"terminal: вход от 1, выход к 0; отдаёт 0.0%; оборот 40500 KZT; нет выхода в выборке"
100000000413678100,peripheral,0.4,8,0.3811120172876774,"peripheral: вход от 2, выход к 3; отдаёт 172.3%; оборот 834698 KZT"
100000000424935100,terminal,0.25,15,0.2387467023707469,"terminal: вход от 1, выход к 0; отдаёт 0.0%; оборот 15000 KZT; возможен артефакт обрыва графа на 4 колене"
100000000425407100,terminal,0.65,2,0.30961289847092555,"terminal: вход от 1, выход к 0; отдаёт 0.0%; оборот 20000 KZT; нет выхода в выборке"
100000000437046100,distributor,0.7521377624429678,0,0.6527180383297166,"distributor: вход от 9, выход к 42; отдаёт 687.0%; оборот 8713424 KZT; рядом с входом ≤24ч: 68.1%"
100000000440392100,terminal,0.65,5,0.36709031428022887,"terminal: вход от 1, выход к 0; отдаёт 0.0%; оборот 105705 KZT; нет выхода в выборке"
100000000456947100,peripheral,0.4,16,0.10600000000000001,"peripheral: вход от 0, выход к 0; отдаёт н/д (вход=0); оборот 0 KZT; вход seed неполон"
100000000470237100,terminal,0.25,15,0.2501213101709225,"terminal: вход от 1, выход к 0; отдаёт 0.0%; оборот 32500 KZT; возможен артефакт обрыва графа на 4 колене"
100000000481716100,terminal,0.65,17,0.28780023917468117,"terminal: вход от 1, выход к 0; отдаёт 0.0%; оборот 8000 KZT; нет выхода в выборке"
100000000489417100,peripheral,0.4,12,0.34341846184858976,"peripheral: вход от 3, выход к 1; отдаёт 108.8%; оборот 153504 KZT"
100000000490383100,distributor,0.6516255757247359,5,0.5105980443219463,"distributor: вход от 3, выход к 8; отдаёт 737.0%; оборот 523975 KZT; рядом с входом ≤24ч: 1.1%"
100000000500040100,terminal,0.25,0,0.2592959395867488,"terminal: вход от 1, выход к 0; отдаёт 0.0%; оборот 20000 KZT; возможен артефакт обрыва графа на 4 колене"
100000000507799100,peripheral,0.4,18,0.29719251786269335,"peripheral: вход от 1, выход к 1; отдаёт 155.9%; оборот 13132 KZT"
100000000533217100,terminal,0.65,0,0.3241121624640412,"terminal: вход от 1, выход к 0; отдаёт 0.0%; оборот 53587 KZT; нет выхода в выборке"
100000000534581100,peripheral,0.4,8,0.34267906646997326,"peripheral: вход от 2, выход к 1; отдаёт 71.5%; оборот 95960 KZT"
100000000542087100,terminal,0.25,19,0.25829754420257756,"terminal: вход от 1, выход к 0; отдаёт 0.0%; оборот 8507 KZT; возможен артефакт обрыва графа на 4 колене"
100000000552584100,peripheral,0.4,20,0.38130674131956305,"peripheral: вход от 1, выход к 1; отдаёт 2.3%; оборот 2557500 KZT"
100000000555721100,terminal,0.65,0,0.40817706302066065,"terminal: вход от 2, выход к 0; отдаёт 0.0%; оборот 113000 KZT; нет выхода в выборке"
100000000557536100,terminal,0.25,19,0.30080697912646437,"terminal: вход от 1, выход к 0; отдаёт 0.0%; оборот 153000 KZT; возможен артефакт обрыва графа на 4 колене"
100000000560751100,terminal,0.65,12,0.32087941251891605,"terminal: вход от 1, выход к 0; отдаёт 0.0%; оборот 25000 KZT; нет выхода в выборке"
100000000561160100,terminal,0.25,2,0.29585310350467386,"terminal: вход от 1, выход к 0; отдаёт 0.0%; оборот 240000 KZT; возможен артефакт обрыва графа на 4 колене"
100000000569479100,terminal,0.65,0,0.34206907982692975,"terminal: вход от 1, выход к 0; отдаёт 0.0%; оборот 320000 KZT; нет выхода в выборке"
100000000572276100,peripheral,0.4,21,0.2748271626584121,"peripheral: вход от 1, выход к 1; отдаёт 264.2%; оборот 47622 KZT"
100000000580561100,peripheral,0.4,22,0.4091034890420826,"peripheral: вход от 2, выход к 3; отдаёт 5318.4%; оборот 1516057 KZT; вход seed неполон"
100000000581662100,terminal,0.25,23,0.24380824796351047,"terminal: вход от 1, выход к 0; отдаёт 0.0%; оборот 21160 KZT; возможен артефакт обрыва графа на 4 колене"
100000000581682100,terminal,0.25,15,0.22258592765274438,"terminal: вход от 1, выход к 0; отдаёт 0.0%; оборот 5000 KZT; возможен артефакт обрыва графа на 4 колене"
100000000583220100,peripheral,0.4,24,0.33201704318862707,"peripheral: вход от 1, выход к 1; отдаёт 15225.1%; оборот 766255 KZT"
100000000594783100,peripheral,0.4,20,0.39649607205569903,"peripheral: вход от 1, выход к 2; отдаёт 5.8%; оборот 2787500 KZT"
100000000596954100,peripheral,0.4,2,0.3729926109779331,"peripheral: вход от 1, выход к 2; отдаёт 40.1%; оборот 168100 KZT"
100000000600707100,terminal,0.25,25,0.26494179292163983,"terminal: вход от 1, выход к 0; отдаёт 0.0%; оборот 89000 KZT; возможен артефакт обрыва графа на 4 колене"
100000000607731100,peripheral,0.4,26,0.30863605467359867,"peripheral: вход от 1, выход к 1; отдаёт 333.3%; оборот 86666 KZT"
100000000607941100,peripheral,0.4,5,0.33970024174810387,"peripheral: вход от 2, выход к 1; отдаёт 140.0%; оборот 120000 KZT"
100000000608031100,terminal,0.25,27,0.24894376307021376,"terminal: вход от 1, выход к 0; отдаёт 0.0%; оборот 30000 KZT; возможен артефакт обрыва графа на 4 колене"
100000000611474100,terminal,0.65,28,0.30819396218350353,"terminal: вход от 1, выход к 0; отдаёт 0.0%; оборот 32000 KZT; нет выхода в выборке"
100000000625169100,terminal,0.65,29,0.2994160829400845,"terminal: вход от 1, выход к 0; отдаёт 0.0%; оборот 10000 KZT; нет выхода в выборке"
100000000627521100,terminal,0.25,30,0.2543394349346394,"terminal: вход от 1, выход к 0; отдаёт 0.0%; оборот 6500 KZT; возможен артефакт обрыва графа на 4 колене"
100000000629812100,terminal,0.65,31,0.40153486753548845,"terminal: вход от 2, выход к 0; отдаёт 0.0%; оборот 22000 KZT; нет выхода в выборке"
100000000634341100,terminal,0.25,0,0.24566100747564645,"terminal: вход от 1, выход к 0; отдаёт 0.0%; оборот 24000 KZT; возможен артефакт обрыва графа на 4 колене"
100000000640800100,peripheral,0.4,8,0.34831491871713344,"peripheral: вход от 1, выход к 4; отдаёт 647.7%; оборот 598135 KZT"
100000000646541100,terminal,0.65,0,0.40952526802822564,"terminal: вход от 3, выход к 0; отдаёт 0.0%; оборот 25300 KZT; нет выхода в выборке"
100000000655469100,terminal,0.25,32,0.2592959395867488,"terminal: вход от 1, выход к 0; отдаёт 0.0%; оборот 20000 KZT; возможен артефакт обрыва графа на 4 колене"
100000000656682100,peripheral,0.4,0,0.32317033739718015,"peripheral: вход от 1, выход к 2; отдаёт 112.7%; оборот 151000 KZT"
100000000661131100,terminal,0.65,33,0.2976244199261872,"terminal: вход от 1, выход к 0; отдаёт 0.0%; оборот 15600 KZT; нет выхода в выборке"
100000000661912100,peripheral,0.4,8,0.40938924178588654,"peripheral: вход от 5, выход к 2; отдаёт 109.6%; оборот 823736 KZT"
100000000667713100,distributor,0.7208958049371498,5,0.525591515014545,"distributor: вход от 2, выход к 6; отдаёт 66.3%; оборот 198731 KZT; рядом с входом ≤24ч: 47.3%"
100000000673868100,distributor,0.7257832898172324,34,0.5059789998121059,"distributor: вход от 1, выход к 5; отдаёт 18.9%; оборот 2413650 KZT; рядом с входом ≤24ч: 50.5%"
100000000673915100,terminal,0.25,19,0.27101949939772496,"terminal: вход от 1, выход к 0; отдаёт 0.0%; оборот 20200 KZT; возможен артефакт обрыва графа на 4 колене"
100000000703894100,peripheral,0.4,35,0.3400686659392949,"peripheral: вход от 1, выход к 1; отдаёт 29.2%; оборот 155000 KZT"
100000000703902100,terminal,0.65,36,0.3298530431364228,"terminal: вход от 1, выход к 0; отдаёт 0.0%; оборот 25499 KZT; нет выхода в выборке"
100000000704700100,terminal,0.25,37,0.23278200775124674,"terminal: вход от 1, выход к 0; отдаёт 0.0%; оборот 10000 KZT; возможен артефакт обрыва графа на 4 колене"
100000000706545100,peripheral,0.4,5,0.4496881922796655,"peripheral: вход от 3, выход к 1; отдаёт 7.1%; оборот 1146100 KZT"
100000000718427100,terminal,0.65,29,0.29190181932050274,"terminal: вход от 1, выход к 0; отдаёт 0.0%; оборот 6000 KZT; нет выхода в выборке"
100000000723383100,peripheral,0.4,32,0.3061681694460487,"peripheral: вход от 1, выход к 2; отдаёт 1102.9%; оборот 81800 KZT"
100000000724540100,peripheral,0.4,38,0.33691415951898634,"peripheral: вход от 1, выход к 1; отдаёт 200.0%; оборот 150000 KZT"
100000000733373100,terminal,0.65,5,0.3283194141392378,"terminal: вход от 1, выход к 0; отдаёт 0.0%; оборот 10710 KZT; нет выхода в выборке"
100000000733451100,peripheral,0.4,12,0.32130658287395036,"peripheral: вход от 1, выход к 1; отдаёт 428.6%; оборот 370000 KZT"
100000000733940100,terminal,0.25,39,0.29633843258405235,"terminal: вход от 1, выход к 0; отдаёт 0.0%; оборот 752000 KZT; возможен артефакт обрыва графа на 4 колене"
100000000737152100,terminal,0.25,0,0.27910584565549645,"terminal: вход от 1, выход к 0; отдаёт 0.0%; оборот 35000 KZT; возможен артефакт обрыва графа на 4 колене"
100000000749118100,peripheral,0.4,0,0.28270317774065024,"peripheral: вход от 1, выход к 1; отдаёт 159.7%; оборот 26830 KZT"
100000000764836100,peripheral,0.4,8,0.342921515554029,"peripheral: вход от 1, выход к 2; отдаёт 19.9%; оборот 301716 KZT"
100000000765628100,terminal,0.65,5,0.2892200028415821,"terminal: вход от 1, выход к 0; отдаёт 0.0%; оборот 5000 KZT; нет выхода в выборке"
100000000769919100,terminal,0.65,40,0.3467706313388981,"terminal: вход от 1, выход к 0; отдаёт 0.0%; оборот 250000 KZT; нет выхода в выборке"
100000000782285100,terminal,0.65,0,0.28393409443594314,"terminal: вход от 1, выход к 0; отдаёт 0.0%; оборот 6151 KZT; нет выхода в выборке"
100000000783406100,terminal,0.65,41,0.2837294072335911,"terminal: вход от 1, выход к 0; отдаёт 0.0%; оборот 6066 KZT; нет выхода в выборке"
100000000785800100,transit,0.8,42,0.3698399579695461,"transit: вход от 1, выход к 1; отдаёт 100.0%; оборот 38000 KZT; рядом с входом ≤24ч: 100.0%"
100000000790311100,terminal,0.65,3,0.3498561338997076,"terminal: вход от 1, выход к 0; отдаёт 0.0%; оборот 46300 KZT; нет выхода в выборке"
100000000791285100,peripheral,0.4,14,0.3682935542310415,"peripheral: вход от 1, выход к 3; отдаёт 58.0%; оборот 1770000 KZT"
100000000795033100,terminal,0.65,0,0.3245425929222616,"terminal: вход от 1, выход к 0; отдаёт 0.0%; оборот 18200 KZT; нет выхода в выборке"
100000000795129100,terminal,0.65,3,0.378838311629767,"terminal: вход от 1, выход к 0; отдаёт 0.0%; оборот 332000 KZT; нет выхода в выборке"
100000000795374100,terminal,0.65,8,0.3147595530574483,"terminal: вход от 1, выход к 0; отдаёт 0.0%; оборот 50000 KZT; нет выхода в выборке"
100000000802149100,terminal,0.65,0,0.3255520604913068,"terminal: вход от 1, выход к 0; отдаёт 0.0%; оборот 104128 KZT; нет выхода в выборке"
100000000803368100,terminal,0.25,43,0.2715540179923838,"terminal: вход от 1, выход к 0; отдаёт 0.0%; оборот 139503 KZT; возможен артефакт обрыва графа на 4 колене"
100000000806727100,peripheral,0.4,2,0.3731176656650875,"peripheral: вход от 1, выход к 1; отдаёт 11.1%; оборот 50000 KZT"
100000000810551100,peripheral,0.4,2,0.3786322038336044,"peripheral: вход от 1, выход к 1; отдаёт 7.1%; оборот 107100 KZT"
100000000817146100,terminal,0.65,5,0.38158808828146584,"terminal: вход от 1, выход к 0; отдаёт 0.0%; оборот 70020 KZT; нет выхода в выборке"
100000000821507100,terminal,0.65,34,0.3815795767200355,"terminal: вход от 1, выход к 0; отдаёт 0.0%; оборот 400000 KZT; нет выхода в выборке"
100000000831684100,peripheral,0.4,7,0.28773719166233136,"peripheral: вход от 1, выход к 1; отдаёт 333.3%; оборот 65000 KZT"
100000000838385100,peripheral,0.4,15,0.34667728440442397,"peripheral: вход от 1, выход к 2; отдаёт 40.6%; оборот 614400 KZT"
100000000850297100,transit,0.8,11,0.3686469114249579,"transit: вход от 1, выход к 1; отдаёт 100.0%; оборот 35040 KZT; рядом с входом ≤24ч: 100.0%"
100000000860514100,peripheral,0.4,13,0.2787086869007097,"peripheral: вход от 1, выход к 1; отдаёт 416.7%; оборот 62000 KZT"
100000000861294100,terminal,0.65,44,0.33925542628465505,"terminal: вход от 1, выход к 0; отдаёт 0.0%; оборот 150000 KZT; нет выхода в выборке"
100000000870121100,terminal,0.65,12,0.3100819275221902,"terminal: вход от 1, выход к 0; отдаёт 0.0%; оборот 12000 KZT; нет выхода в выборке"
100000000878006100,terminal,0.65,10,0.34174449717505206,"terminal: вход от 1, выход к 0; отдаёт 0.0%; оборот 47003 KZT; нет выхода в выборке"
100000000896111100,terminal,0.65,20,0.3404729789372629,"terminal: вход от 1, выход к 0; отдаёт 0.0%; оборот 287100 KZT; нет выхода в выборке"
100000000907277100,terminal,0.65,36,0.3243437160647749,"terminal: вход от 1, выход к 0; отдаёт 0.0%; оборот 17534 KZT; нет выхода в выборке"
100000000910216100,peripheral,0.4,2,0.32207795126175665,"peripheral: вход от 1, выход к 1; отдаёт 73.3%; оборот 123010 KZT"
100000000912487100,terminal,0.65,2,0.3273103775051975,"terminal: вход от 1, выход к 0; отдаёт 0.0%; оборот 10000 KZT; нет выхода в выборке"
100000000913911100,peripheral,0.4,2,0.3602702639740418,"peripheral: вход от 2, выход к 1; отдаёт 128.5%; оборот 1067000 KZT"
100000000917179100,terminal,0.65,43,0.3324525885424651,"terminal: вход от 1, выход к 0; отдаёт 0.0%; оборот 94465 KZT; нет выхода в выборке"
100000000922570100,peripheral,0.4,7,0.310308639101492,"peripheral: вход от 1, выход к 1; отдаёт 106.2%; оборот 97101 KZT"
100000000926078100,terminal,0.25,8,0.2964536724547214,"terminal: вход от 1, выход к 0; отдаёт 0.0%; оборот 250000 KZT; возможен артефакт обрыва графа на 4 колене"
100000000926766100,peripheral,0.4,13,0.2871634280791188,"peripheral: вход от 1, выход к 1; отдаёт 32.0%; оборот 24750 KZT"
100000000933075100,peripheral,0.4,7,0.3163528309207593,"peripheral: вход от 1, выход к 2; отдаёт 137.5%; оборот 95000 KZT"
100000000941942100,terminal,0.65,2,0.39069106634594447,"terminal: вход от 1, выход к 0; отдаёт 0.0%; оборот 130000 KZT; нет выхода в выборке"
100000000942301100,terminal,0.65,0,0.33315325680862995,"terminal: вход от 1, выход к 0; отдаёт 0.0%; оборот 57580 KZT; нет выхода в выборке"
100000000943371100,terminal,0.65,12,0.3500745592353384,"terminal: вход от 1, выход к 0; отдаёт 0.0%; оборот 15500 KZT; нет выхода в выборке"
100000000945428100,terminal,0.65,0,0.3483461434318425,"terminal: вход от 1, выход к 0; отдаёт 0.0%; оборот 89629 KZT; нет выхода в выборке"
100000000954884100,terminal,0.65,41,0.30908584193096955,"terminal: вход от 1, выход к 0; отдаёт 0.0%; оборот 34000 KZT; нет выхода в выборке"
100000000955444100,terminal,0.65,45,0.29397897429773884,"terminal: вход от 1, выход к 0; отдаёт 0.0%; оборот 6910 KZT; нет выхода в выборке"
100000000955529100,peripheral,0.4,2,0.28427290160175117,"peripheral: вход от 1, выход к 1; отдаёт 235.2%; оборот 90500 KZT"
100000000957746100,terminal,0.25,27,0.25133730533340515,"terminal: вход от 1, выход к 0; отдаёт 0.0%; оборот 5300 KZT; возможен артефакт обрыва графа на 4 колене"
100000000961900100,terminal,0.65,0,0.37503167613079424,"terminal: вход от 2, выход к 0; отдаёт 0.0%; оборот 36000 KZT; нет выхода в выборке"
100000000967918100,terminal,0.65,0,0.32678722277363326,"terminal: вход от 1, выход к 0; отдаёт 0.0%; оборот 21200 KZT; нет выхода в выборке"
100000000968253100,terminal,0.65,36,0.32204744422625137,"terminal: вход от 1, выход к 0; отдаёт 0.0%; оборот 15000 KZT; нет выхода в выборке"
100000000971908100,terminal,0.65,44,0.3315758681104776,"terminal: вход от 1, выход к 0; отдаёт 0.0%; оборот 89000 KZT; нет выхода в выборке"
100000000976943100,peripheral,0.4,11,0.2920937510570134,"peripheral: вход от 1, выход к 1; отдаёт 120.0%; оборот 154000 KZT"
100000000978041100,terminal,0.65,36,0.3380269548498538,"terminal: вход от 1, выход к 0; отдаёт 0.0%; оборот 44445 KZT; нет выхода в выборке"
100000000979567100,terminal,0.65,36,0.2994160829400845,"terminal: вход от 1, выход к 0; отдаёт 0.0%; оборот 10000 KZT; нет выхода в выборке"
100000000979923100,terminal,0.65,11,0.39385612982577023,"terminal: вход от 1, выход к 0; отдаёт 0.0%; оборот 97900 KZT; нет выхода в выборке"
100000000981693100,terminal,0.25,0,0.25646592872393503,"terminal: вход от 1, выход к 0; отдаёт 0.0%; оборот 16500 KZT; возможен артефакт обрыва графа на 4 колене"
100000000993112100,terminal,0.65,46,0.33834512430557906,"terminal: вход от 1, выход к 0; отдаёт 0.0%; оборот 141000 KZT; нет выхода в выборке"
100000000998559100,terminal,0.65,2,0.3868312086862718,"terminal: вход от 1, выход к 0; отдаёт 0.0%; оборот 100000 KZT; нет выхода в выборке"
100000001009583100,terminal,0.65,10,0.37301418118922247,"terminal: вход от 1, выход к 0; отдаёт 0.0%; оборот 393740 KZT; нет выхода в выборке"
100000001046057100,terminal,0.65,47,0.3222899719500892,"terminal: вход от 1, выход к 0; отдаёт 0.0%; оборот 83420 KZT; нет выхода в выборке"
100000001046626100,terminal,0.65,10,0.35881638751643474,"terminal: вход от 1, выход к 0; отдаёт 0.0%; оборот 150000 KZT; нет выхода в выборке"
100000001049200100,peripheral,0.4,48,0.411850080680117,"peripheral: вход от 2, выход к 4; отдаёт 47.0%; оборот 112624 KZT"
100000001052789100,terminal,0.65,48,0.31991313351842393,"terminal: вход от 1, выход к 0; отдаёт 0.0%; оборот 70975 KZT; нет выхода в выборке"
100000001052945100,peripheral,0.4,49,0.3537257181977358,"peripheral: вход от 1, выход к 3; отдаёт 2823.2%; оборот 1652220 KZT"
100000001053894100,terminal,0.25,30,0.3386234524439228,"terminal: вход от 1, выход к 0; отдаёт 0.0%; оборот 2000000 KZT; возможен артефакт обрыва графа на 4 колене"
100000001056414100,terminal,0.65,23,0.35475441431022586,"terminal: вход от 1, выход к 0; отдаёт 0.0%; оборот 250000 KZT; нет выхода в выборке"
100000001063678100,peripheral,0.4,28,0.3203902966524034,"peripheral: вход от 1, выход к 2; отдаёт 257.1%; оборот 125000 KZT"
100000001065234100,terminal,0.25,50,0.2855011517439936,"terminal: вход от 1, выход к 0; отдаёт 0.0%; оборот 360000 KZT; возможен артефакт обрыва графа на 4 колене"
100000001065481100,terminal,0.25,12,0.23969612898159215,"terminal: вход от 1, выход к 0; отдаёт 0.0%; оборот 16000 KZT; возможен артефакт обрыва графа на 4 колене"
100000001066017100,peripheral,0.4,0,0.3780561760115062,"peripheral: вход от 2, выход к 4; отдаёт 60.6%; оборот 218623 KZT"
100000001072022100,terminal,0.65,2,0.5042710776732758,"terminal: вход от 3, выход к 0; отдаёт 0.0%; оборот 1684000 KZT; нет выхода в выборке"
100000001073568100,peripheral,0.4,43,0.35582892193175564,"peripheral: вход от 1, выход к 2; отдаёт 31.0%; оборот 926968 KZT"
100000001074553100,terminal,0.65,4,0.38815310732985575,"terminal: вход от 2, выход к 0; отдаёт 0.0%; оборот 28971 KZT; нет выхода в выборке"
100000001083990100,terminal,0.65,7,0.339380549909159,"terminal: вход от 1, выход к 0; отдаёт 0.0%; оборот 49900 KZT; нет выхода в выборке"
100000001089055100,terminal,0.25,27,0.23664155988463292,"terminal: вход от 1, выход к 0; отдаёт 0.0%; оборот 13000 KZT; возможен артефакт обрыва графа на 4 колене"
100000001102676100,transit,0.8,2,0.40039188821322397,"transit: вход от 1, выход к 1; отдаёт 100.0%; оборот 100000 KZT; рядом с входом ≤24ч: 100.0%"
100000001103905100,terminal,0.65,36,0.3247295875576347,"terminal: вход от 1, выход к 0; отдаёт 0.0%; оборот 18000 KZT; нет выхода в выборке"
100000001110358100,terminal,0.65,0,0.3646160246362581,"terminal: вход от 2, выход к 0; отдаёт 0.0%; оборот 32000 KZT; нет выхода в выборке"
100000001111763100,terminal,0.65,36,0.32401281036284485,"terminal: вход от 1, выход к 0; отдаёт 0.0%; оборот 17144 KZT; нет выхода в выборке"
100000001114385100,terminal,0.65,2,0.3316476972840156,"terminal: вход от 1, выход к 0; отдаёт 0.0%; оборот 29500 KZT; нет выхода в выборке"
100000001126374100,peripheral,0.4,0,0.4454153135327081,"peripheral: вход от 4, выход к 2; отдаёт 16.0%; оборот 211700 KZT"
100000001130176100,terminal,0.65,0,0.332456590779368,"terminal: вход от 1, выход к 0; отдаёт 0.0%; оборот 25000 KZT; нет выхода в выборке"
100000001130553100,terminal,0.25,10,0.26932314026724324,"terminal: вход от 1, выход к 0; отдаёт 0.0%; оборот 18000 KZT; возможен артефакт обрыва графа на 4 колене"
100000001131403100,terminal,0.25,49,0.3071678136484239,"terminal: вход от 1, выход к 0; отдаёт 0.0%; оборот 1570000 KZT; возможен артефакт обрыва графа на 4 колене"
100000001138283100,peripheral,0.4,8,0.3174112713051665,"peripheral: вход от 1, выход к 2; отдаёт 61.1%; оборот 131805 KZT"
100000001138376100,terminal,0.65,3,0.3335663882833046,"terminal: вход от 1, выход к 0; отдаёт 0.0%; оборот 15300 KZT; нет выхода в выборке"
100000001140785100,terminal,0.65,47,0.40421764852630054,"terminal: вход от 2, выход к 0; отдаёт 0.0%; оборот 215000 KZT; нет выхода в выборке"
100000001141268100,peripheral,0.4,38,0.4021941604481285,"peripheral: вход от 2, выход к 1; отдаёт 2.1%; оборот 490000 KZT"
100000001145749100,terminal,0.65,2,0.3073998659114122,"terminal: вход от 1, выход к 0; отдаёт 0.0%; оборот 10000 KZT; нет выхода в выборке"
100000001149815100,terminal,0.65,33,0.2937648112175291,"terminal: вход от 1, выход к 0; отдаёт 0.0%; оборот 12000 KZT; нет выхода в выборке"
100000001155773100,terminal,0.65,33,0.3023434922365891,"terminal: вход от 1, выход к 0; отдаёт 0.0%; оборот 21500 KZT; нет выхода в выборке"
100000001160401100,terminal,0.65,0,0.31390861631457584,"terminal: вход от 1, выход к 0; отдаёт 0.0%; оборот 47190 KZT; нет выхода в выборке"
100000001162560100,distributor,0.65,4,0.5339742492984024,"distributor: вход от 1, выход к 12; отдаёт 876.7%; оборот 3235698 KZT; рядом с входом ≤24ч: 0.0%"
100000001164648100,terminal,0.65,51,0.3886700605886359,"terminal: вход от 2, выход к 0; отдаёт 0.0%; оборот 13660 KZT; нет выхода в выборке"
100000001166289100,peripheral,0.4,29,0.3881092039795958,"peripheral: вход от 2, выход к 1; отдаёт 3.5%; оборот 746039 KZT"
100000001169666100,peripheral,0.4,17,0.3276414125434438,"peripheral: вход от 1, выход к 1; отдаёт 10.9%; оборот 244000 KZT"
100000001184915100,terminal,0.65,3,0.37145543855339636,"terminal: вход от 1, выход к 0; отдаёт 0.0%; оборот 201000 KZT; нет выхода в выборке"
100000001194266100,terminal,0.65,2,0.376633804730135,"terminal: вход от 1, выход к 0; отдаёт 0.0%; оборот 50000 KZT; нет выхода в выборке"
100000001202637100,terminal,0.25,17,0.23278200775124674,"terminal: вход от 1, выход к 0; отдаёт 0.0%; оборот 10000 KZT; возможен артефакт обрыва графа на 4 колене"
100000001202787100,terminal,0.25,0,0.28770337015687686,"terminal: вход от 2, выход к 0; отдаёт 0.0%; оборот 14850 KZT; возможен артефакт обрыва графа на 4 колене"
100000001220124100,terminal,0.25,8,0.2694931228751253,"terminal: вход от 1, выход к 0; отдаёт 0.0%; оборот 40000 KZT; возможен артефакт обрыва графа на 4 колене"
100000001222245100,terminal,0.25,10,0.3156632985459801,"terminal: вход от 1, выход к 0; отдаёт 0.0%; оборот 420000 KZT; возможен артефакт обрыва графа на 4 колене"
100000001222263100,peripheral,0.4,10,0.36387000173050427,"peripheral: вход от 1, выход к 1; отдаёт 56.3%; оборот 1165570 KZT"
100000001223977100,peripheral,0.4,52,0.28043723865826387,"peripheral: вход от 1, выход к 1; отдаёт 360.0%; оборот 23000 KZT"
100000001227106100,terminal,0.65,10,0.3601976096056164,"terminal: вход от 1, выход к 0; отдаёт 0.0%; оборот 164765 KZT; нет выхода в выборке"
100000001229743100,peripheral,0.4,0,0.25878135239874117,"peripheral: вход от 1, выход к 1; отдаёт 128.6%; оборот 16000 KZT"
100000001232297100,peripheral,0.4,12,0.3431376718287545,"peripheral: вход от 1, выход к 2; отдаёт 900.0%; оборот 50000 KZT"
100000001236706100,peripheral,0.4,12,0.423056736839561,"peripheral: вход от 3, выход к 2; отдаёт 25.2%; оборот 178700 KZT"
100000001241318100,terminal,0.65,0,0.32395011936969653,"terminal: вход от 1, выход к 0; отдаёт 0.0%; оборот 53000 KZT; нет выхода в выборке"
100000001246806100,terminal,0.25,47,0.2705160728177533,"terminal: вход от 1, выход к 0; отдаёт 0.0%; оборот 130000 KZT; возможен артефакт обрыва графа на 4 колене"
100000001248999100,terminal,0.65,27,0.30360499940291724,"terminal: вход от 1, выход к 0; отдаёт 0.0%; оборот 23425 KZT; нет выхода в выборке"
100000001249054100,terminal,0.25,17,0.2572260801884837,"terminal: вход от 1, выход к 0; отдаёт 0.0%; оборот 17375 KZT; возможен артефакт обрыва графа на 4 колене"
100000001250022100,terminal,0.65,44,0.32309288639078165,"terminal: вход от 1, выход к 0; отдаёт 0.0%; оборот 50000 KZT; нет выхода в выборке"
100000001251686100,terminal,0.65,2,0.33595721545608104,"terminal: вход от 1, выход к 0; отдаёт 0.0%; оборот 18000 KZT; нет выхода в выборке"
100000001252290100,peripheral,0.4,10,0.35035909703231277,"peripheral: вход от 1, выход к 1; отдаёт 3.5%; оборот 146005 KZT"
100000001253557100,consolidator,0.8,47,0.5996374497407948,"consolidator: вход от 5, выход к 0; отдаёт 0.0%; оборот 210200 KZT"
100000001256409100,terminal,0.25,8,0.22949949731917674,"terminal: вход от 1, выход к 0; отдаёт 0.0%; оборот 8000 KZT; возможен артефакт обрыва графа на 4 колене"
100000001262647100,terminal,0.65,3,0.3120789625719058,"terminal: вход от 1, выход к 0; отдаёт 0.0%; оборот 23650 KZT; нет выхода в выборке"
100000001270349100,terminal,0.65,44,0.3351544345278486,"terminal: вход от 1, выход к 0; отдаёт 0.0%; оборот 200000 KZT; нет выхода в выборке"
100000001270470100,terminal,0.25,0,0.26440267836901155,"terminal: вход от 1, выход к 0; отдаёт 0.0%; оборот 28300 KZT; возможен артефакт обрыва графа на 4 колене"
100000001273783100,terminal,0.65,11,0.3117963456525681,"terminal: вход от 1, выход к 0; отдаёт 0.0%; оборот 23200 KZT; нет выхода в выборке"
100000001275557100,terminal,0.25,28,0.24297882328208775,"terminal: вход от 1, выход к 0; отдаёт 0.0%; оборот 20000 KZT; возможен артефакт обрыва графа на 4 колене"
100000001275752100,terminal,0.65,47,0.33106848081355056,"terminal: вход от 1, выход к 0; отдаёт 0.0%; оборот 151500 KZT; нет выхода в выборке"
100000001276409100,terminal,0.25,17,0.2821815008145512,"terminal: вход от 1, выход к 0; отдаёт 0.0%; оборот 94760 KZT; возможен артефакт обрыва графа на 4 колене"
100000001279272100,peripheral,0.4,0,0.33532124359218946,"peripheral: вход от 1, выход к 2; отдаёт 54.7%; оборот 386758 KZT"
100000001279875100,terminal,0.65,23,0.32286605830116405,"terminal: вход от 1, выход к 0; отдаёт 0.0%; оборот 49235 KZT; нет выхода в выборке"
100000001280798100,terminal,0.65,17,0.30382936638345476,"terminal: вход от 1, выход к 0; отдаёт 0.0%; оборот 23785 KZT; нет выхода в выборке"
100000001282143100,consolidator,0.8,23,0.6053901449305794,"consolidator: вход от 5, выход к 0; отдаёт 0.0%; оборот 1700000 KZT"
100000001285440100,terminal,0.65,38,0.37812443401896256,"terminal: вход от 2, выход к 0; отдаёт 0.0%; оборот 243000 KZT; нет выхода в выборке"
100000001286703100,terminal,0.25,30,0.2712363765455932,"terminal: вход от 1, выход к 0; отдаёт 0.0%; оборот 20500 KZT; возможен артефакт обрыва графа на 4 колене"
100000001287955100,peripheral,0.4,23,0.3477877412678701,"peripheral: вход от 1, выход к 4; отдаёт 1769.4%; оборот 327520 KZT"
100000001290243100,terminal,0.65,5,0.2994160829400845,"terminal: вход от 1, выход к 0; отдаёт 0.0%; оборот 10000 KZT; нет выхода в выборке"
100000001297206100,terminal,0.25,0,0.22701771410025468,"terminal: вход от 1, выход к 0; отдаёт 0.0%; оборот 6758 KZT; возможен артефакт обрыва графа на 4 колене"
100000001298099100,terminal,0.65,17,0.30052497914253906,"terminal: вход от 1, выход к 0; отдаёт 0.0%; оборот 19000 KZT; нет выхода в выборке"
100000001299323100,terminal,0.25,47,0.2842411618219284,"terminal: вход от 1, выход к 0; отдаёт 0.0%; оборот 109000 KZT; возможен артефакт обрыва графа на 4 колене"
100000001299443100,terminal,0.25,51,0.22949949731917674,"terminal: вход от 1, выход к 0; отдаёт 0.0%; оборот 8000 KZT; возможен артефакт обрыва графа на 4 колене"
100000001299828100,terminal,0.25,0,0.26665621515808063,"terminal: вход от 1, выход к 0; отдаёт 0.0%; оборот 100000 KZT; возможен артефакт обрыва графа на 4 колене"
100000001303311100,consolidator,0.8,38,0.5853954716768959,"consolidator: вход от 5, выход к 0; отдаёт 0.0%; оборот 1324000 KZT"
100000001307612100,terminal,0.65,36,0.3359079564859143,"terminal: вход от 1, выход к 0; отдаёт 0.0%; оборот 38483 KZT; нет выхода в выборке"
100000001308856100,terminal,0.65,29,0.3140278334371268,"terminal: вход от 1, выход к 0; отдаёт 0.0%; оборот 27000 KZT; нет выхода в выборке"
100000001311175100,terminal,0.25,23,0.28281885312970156,"terminal: вход от 1, выход к 0; отдаёт 0.0%; оборот 300000 KZT; возможен артефакт обрыва графа на 4 колене"
100000001317336100,peripheral,0.4,39,0.3439779556104254,"peripheral: вход от 1, выход к 2; отдаёт 1335.4%; оборот 1883196 KZT"
100000001325618100,terminal,0.25,51,0.23171446160869857,"terminal: вход от 1, выход к 0; отдаёт 0.0%; оборот 9300 KZT; возможен артефакт обрыва графа на 4 колене"
100000001329153100,terminal,0.65,0,0.347306435736553,"terminal: вход от 1, выход к 0; отдаёт 0.0%; оборот 150687 KZT; нет выхода в выборке"
100000001330595100,peripheral,0.4,53,0.33373743743914003,"peripheral: вход от 3, выход к 1; отдаёт 177.0%; оборот 241000 KZT"
100000001330685100,peripheral,0.4,10,0.47486225928659065,"peripheral: вход от 3, выход к 1; отдаёт 4.1%; оборот 2536423 KZT"
100000001339466100,terminal,0.65,2,0.34347213282416456,"terminal: вход от 1, выход к 0; отдаёт 0.0%; оборот 30000 KZT; нет выхода в выборке"
100000001346560100,peripheral,0.4,2,0.3529808579800266,"peripheral: вход от 2, выход к 1; отдаёт 222.0%; оборот 32200 KZT"
100000001362940100,terminal,0.65,2,0.38373112457794367,"terminal: вход от 1, выход к 0; отдаёт 0.0%; оборот 81000 KZT; нет выхода в выборке"
100000001363952100,peripheral,0.4,8,0.36884007636428723,"peripheral: вход от 2, выход к 1; отдаёт 46.3%; оборот 287655 KZT"
100000001373265100,peripheral,0.4,8,0.3226247544421811,"peripheral: вход от 1, выход к 1; отдаёт 3.5%; оборот 147482 KZT"
100000001378288100,terminal,0.25,8,0.2811594165973832,"terminal: вход от 1, выход к 0; отдаёт 0.0%; оборот 268000 KZT; возможен артефакт обрыва графа на 4 колене"
100000001379511100,terminal,0.65,47,0.31616172551517274,"terminal: вход от 1, выход к 0; отдаёт 0.0%; оборот 55000 KZT; нет выхода в выборке"
100000001380054100,peripheral,0.4,35,0.3702923573975645,"peripheral: вход от 2, выход к 3; отдаёт 283.4%; оборот 487050 KZT"
100000001380107100,terminal,0.65,31,0.2998856022918305,"terminal: вход от 1, выход к 0; отдаёт 0.0%; оборот 6000 KZT; нет выхода в выборке"
100000001380986100,terminal,0.65,4,0.3280786523989797,"terminal: вход от 1, выход к 0; отдаёт 0.0%; оборот 70170 KZT; нет выхода в выборке"
100000001382002100,peripheral,0.4,0,0.2956762179899207,"peripheral: вход от 1, выход к 1; отдаёт 102.7%; оборот 111500 KZT"
100000001384826100,peripheral,0.4,10,0.3644661715251498,"peripheral: вход от 1, выход к 1; отдаёт 2.7%; оборот 374260 KZT"
100000001386612100,terminal,0.65,54,0.35421434369609395,"terminal: вход от 1, выход к 0; отдаёт 0.0%; оборот 62264 KZT; нет выхода в выборке"
100000001389255100,terminal,0.65,36,0.3231213862399776,"terminal: вход от 1, выход к 0; отдаёт 0.0%; оборот 16136 KZT; нет выхода в выборке"
100000001411870100,terminal,0.65,44,0.438704360795473,"terminal: вход от 2, выход к 0; отдаёт 0.0%; оборот 900000 KZT; нет выхода в выборке"
100000001415126100,terminal,0.55,54,0.35946087455295006,"terminal: вход от 1, выход к 0; отдаёт 0.0%; оборот 27000 KZT; вход seed неполон"
100000001418900100,terminal,0.65,29,0.31986148242277324,"terminal: вход от 1, выход к 0; отдаёт 0.0%; оборот 40140 KZT; нет выхода в выборке"
100000001420847100,terminal,0.65,48,0.30961289847092555,"terminal: вход от 1, выход к 0; отдаёт 0.0%; оборот 20000 KZT; нет выхода в выборке"
100000001427082100,distributor,0.65,32,0.44172996050298036,"distributor: вход от 1, выход к 5; отдаёт 2498.0%; оборот 129900 KZT; рядом с входом ≤24ч: 0.0%"
100000001429930100,terminal,0.55,12,0.358905661450955,"terminal: вход от 1, выход к 0; отдаёт 0.0%; оборот 26000 KZT; вход seed неполон"
100000001439416100,peripheral,0.4,0,0.30902331158315666,"peripheral: вход от 1, выход к 2; отдаёт 1650.0%; оборот 175000 KZT"
100000001445848100,peripheral,0.4,41,0.32951728686483994,"peripheral: вход от 1, выход к 1; отдаёт 64.4%; оборот 897850 KZT"
100000001463701100,terminal,0.65,11,0.4611395900162145,"terminal: вход от 2, выход к 0; отдаёт 0.0%; оборот 621000 KZT; нет выхода в выборке"
100000001471706100,terminal,0.25,54,0.28617997657478617,"terminal: вход от 1, выход к 0; отдаёт 0.0%; оборот 377000 KZT; возможен артефакт обрыва графа на 4 колене"
100000001477796100,terminal,0.65,2,0.3587669472020134,"terminal: вход от 1, выход к 0; отдаёт 0.0%; оборот 182000 KZT; нет выхода в выборке"
100000001484381100,terminal,0.65,17,0.3807147184351246,"terminal: вход от 2, выход к 0; отдаёт 0.0%; оборот 95585 KZT; нет выхода в выборке"
100000001490461100,peripheral,0.4,17,0.3142227838055224,"peripheral: вход от 1, выход к 1; отдаёт 25.0%; оборот 25000 KZT"
100000001498732100,terminal,0.25,55,0.2239878594199105,"terminal: вход от 1, выход к 0; отдаёт 0.0%; оборот 5500 KZT; возможен артефакт обрыва графа на 4 колене"
100000001524952100,terminal,0.65,0,0.350506637678205,"terminal: вход от 1, выход к 0; отдаёт 0.0%; оборот 103807 KZT; нет выхода в выборке"
100000001526235100,distributor,0.6594454072790294,13,0.48361540199468017,"distributor: вход от 3, выход к 8; отдаёт 527.7%; оборот 514750 KZT; рядом с входом ≤24ч: 6.3%"
100000001527186100,terminal,0.65,2,0.41498943087006934,"terminal: вход от 1, выход к 0; отдаёт 0.0%; оборот 678000 KZT; нет выхода в выборке"
100000001530709100,terminal,0.65,0,0.3321982661022022,"terminal: вход от 1, выход к 0; отдаёт 0.0%; оборот 53961 KZT; нет выхода в выборке"
100000001530740100,terminal,0.65,5,0.3053807775595847,"terminal: вход от 1, выход к 0; отдаёт 0.0%; оборот 15000 KZT; нет выхода в выборке"
100000001530983100,distributor,0.6707429416606816,5,0.5838479706004204,"distributor: вход от 4, выход к 11; отдаёт 324.3%; оборот 2393696 KZT; рядом с входом ≤24ч: 13.8%"
100000001533161100,terminal,0.25,56,0.26665621515808063,"terminal: вход от 1, выход к 0; отдаёт 0.0%; оборот 100000 KZT; возможен артефакт обрыва графа на 4 колене"
100000001534244100,peripheral,0.4,47,0.382802494732925,"peripheral: вход от 2, выход к 1; отдаёт 12.3%; оборот 411000 KZT"
100000001537524100,terminal,0.25,23,0.27262135109581725,"terminal: вход от 1, выход к 0; отдаёт 0.0%; оборот 150000 KZT; возможен артефакт обрыва графа на 4 колене"
100000001538095100,terminal,0.65,23,0.40810381908657706,"terminal: вход от 2, выход к 0; отдаёт 0.0%; оборот 280000 KZT; нет выхода в выборке"
100000001541418100,terminal,0.65,4,0.38924906818614835,"terminal: вход от 2, выход к 0; отдаёт 0.0%; оборот 96900 KZT; нет выхода в выборке"
100000001549194100,terminal,0.65,43,0.3136919183378053,"terminal: вход от 1, выход к 0; отдаёт 0.0%; оборот 46500 KZT; нет выхода в выборке"
100000001550388100,terminal,0.65,0,0.3397595530574483,"terminal: вход от 1, выход к 0; отдаёт 0.0%; оборот 50000 KZT; нет выхода в выборке"
100000001550419100,terminal,0.65,43,0.30333564079195824,"terminal: вход от 1, выход к 0; отдаёт 0.0%; оборот 23000 KZT; нет выхода в выборке"
100000001554432100,terminal,0.65,2,0.3777442191664373,"terminal: вход от 1, выход к 0; отдаёт 0.0%; оборот 53920 KZT; нет выхода в выборке"
100000001557930100,terminal,0.65,44,0.31768077760331576,"terminal: вход от 1, выход к 0; отдаёт 0.0%; оборот 34610 KZT; нет выхода в выборке"
100000001567366100,terminal,0.65,5,0.39730271483044083,"terminal: вход от 1, выход к 0; отдаёт 0.0%; оборот 824070 KZT; нет выхода в выборке"
100000001578517100,terminal,0.65,5,0.35245208993173827,"terminal: вход от 1, выход к 0; отдаёт 0.0%; оборот 30000 KZT; нет выхода в выборке"
100000001584286100,terminal,0.65,23,0.44702631861300207,"terminal: вход от 2, выход к 0; отдаёт 0.0%; оборот 738699 KZT; нет выхода в выборке"
100000001590795100,terminal,0.25,51,0.22276138538370666,"terminal: вход от 1, выход к 0; отдаёт 0.0%; оборот 5060 KZT; возможен артефакт обрыва графа на 4 колене"
100000001597424100,terminal,0.65,43,0.31418961130430717,"terminal: вход от 1, выход к 0; отдаёт 0.0%; оборот 48100 KZT; нет выхода в выборке"
100000001597505100,peripheral,0.4,46,0.2968935479134382,"peripheral: вход от 1, выход к 1; отдаёт 48.8%; оборот 39380 KZT"
100000001598625100,terminal,0.25,8,0.24626155435875058,"terminal: вход от 1, выход к 0; отдаёт 0.0%; оборот 25000 KZT; возможен артефакт обрыва графа на 4 колене"
100000001600934100,peripheral,0.4,8,0.3256147047245565,"peripheral: вход от 1, выход к 1; отдаёт 6.1%; оборот 191300 KZT"
100000001601320100,peripheral,0.4,1,0.3075245007298131,"peripheral: вход от 2, выход к 1; отдаёт 106.2%; оборот 89700 KZT"
100000001609499100,peripheral,0.4,0,0.438125233854425,"peripheral: вход от 3, выход к 2; отдаёт 8.0%; оборот 284113 KZT"
100000001611488100,terminal,0.65,10,0.42316303925483817,"terminal: вход от 2, выход к 0; отдаёт 0.0%; оборот 779300 KZT; нет выхода в выборке"
100000001616816100,peripheral,0.4,44,0.4927426458301509,"peripheral: вход от 5, выход к 3; отдаёт 102.9%; оборот 357521 KZT; вход seed неполон"
100000001632325100,terminal,0.65,33,0.3226694946567182,"terminal: вход от 1, выход к 0; отдаёт 0.0%; оборот 85600 KZT; нет выхода в выборке"
100000001633685100,terminal,0.65,0,0.41799701261891364,"terminal: вход от 3, выход к 0; отдаёт 0.0%; оборот 45000 KZT; нет выхода в выборке"
100000001637376100,peripheral,0.4,10,0.3321061004242526,"peripheral: вход от 1, выход к 1; отдаёт 200.7%; оборот 350950 KZT"
100000001639766100,terminal,0.65,44,0.3012795651375922,"terminal: вход от 1, выход к 0; отдаёт 0.0%; оборот 20000 KZT; нет выхода в выборке"
100000001641789100,terminal,0.65,44,0.3687980989893618,"terminal: вход от 1, выход к 0; отдаёт 0.0%; оборот 17826 KZT; нет выхода в выборке"
100000001641951100,terminal,0.65,2,0.37342415672202345,"terminal: вход от 1, выход к 0; отдаёт 0.0%; оборот 25000 KZT; нет выхода в выборке"
100000001648936100,terminal,0.65,44,0.3321814571958044,"terminal: вход от 1, выход к 0; отдаёт 0.0%; оборот 92740 KZT; нет выхода в выборке"
100000001650895100,peripheral,0.4,17,0.32317086791971894,"peripheral: вход от 1, выход к 1; отдаёт 6.5%; оборот 163500 KZT"
100000001660397100,transit,0.763265306122449,0,0.43223500231827017,"transit: вход от 2, выход к 3; отдаёт 100.8%; оборот 97600 KZT; рядом с входом ≤24ч: 75.5%"
100000001669260100,terminal,0.25,8,0.29033407779972953,"terminal: вход от 1, выход к 0; отдаёт 0.0%; оборот 500000 KZT; возможен артефакт обрыва графа на 4 колене"
100000001674850100,terminal,0.65,47,0.39407373378928934,"terminal: вход от 2, выход к 0; отдаёт 0.0%; оборот 237000 KZT; нет выхода в выборке"
100000001677389100,peripheral,0.4,27,0.275588620647809,"peripheral: вход от 1, выход к 1; отдаёт 49.1%; оборот 16400 KZT"
100000001677929100,peripheral,0.4,1,0.35119495872300366,"peripheral: вход от 3, выход к 2; отдаёт 225.7%; оборот 412875 KZT"
100000001680944100,terminal,0.65,38,0.37298650540499056,"terminal: вход от 1, выход к 0; отдаёт 0.0%; оборот 393000 KZT; нет выхода в выборке"
100000001684867100,terminal,0.65,5,0.3488288889849167,"terminal: вход от 1, выход к 0; отдаёт 0.0%; оборот 30550 KZT; нет выхода в выборке"
100000001686328100,terminal,0.65,47,0.3462241961469579,"terminal: вход от 1, выход к 0; отдаёт 0.0%; оборот 140000 KZT; нет выхода в выборке"
100000001688676100,terminal,0.65,48,0.3292296883799182,"terminal: вход от 1, выход к 0; отдаёт 0.0%; оборот 133700 KZT; нет выхода в выборке"
100000001689968100,terminal,0.65,10,0.4396014745112726,"terminal: вход от 3, выход к 0; отдаёт 0.0%; оборот 344334 KZT; нет выхода в выборке"
100000001690439100,terminal,0.65,10,0.2962411630949941,"terminal: вход от 1, выход к 0; отдаёт 0.0%; оборот 14200 KZT; нет выхода в выборке"
100000001690558100,terminal,0.65,48,0.3544025162001566,"terminal: вход от 1, выход к 0; отдаёт 0.0%; оборот 740000 KZT; нет выхода в выборке"
100000001696818100,terminal,0.65,2,0.3407686677066313,"terminal: вход от 1, выход к 0; отдаёт 0.0%; оборот 53550 KZT; нет выхода в выборке"
100000001697501100,distributor,0.7139616998717124,29,0.5907349548088797,"distributor: вход от 3, выход к 38; отдаёт 1198.5%; оборот 1606306 KZT; рядом с входом ≤24ч: 42.6%"
100000001703168100,peripheral,0.4,2,0.3148069757398945,"peripheral: вход от 1, выход к 1; отдаёт 200.0%; оборот 135000 KZT"
100000001714173100,terminal,0.65,38,0.3801357097219158,"terminal: вход от 1, выход к 0; отдаёт 0.0%; оборот 638905 KZT; нет выхода в выборке"
100000001714413100,terminal,0.65,10,0.3663417108758843,"terminal: вход от 1, выход к 0; отдаёт 0.0%; оборот 250172 KZT; нет выхода в выборке"
100000001714883100,terminal,0.25,51,0.22732359595376994,"terminal: вход от 1, выход к 0; отдаёт 0.0%; оборот 6900 KZT; возможен артефакт обрыва графа на 4 колене"
100000001716579100,terminal,0.65,36,0.3209439628889656,"terminal: вход от 1, выход к 0; отдаёт 0.0%; оборот 13916 KZT; нет выхода в выборке"
100000001724740100,terminal,0.25,47,0.2757067318405297,"terminal: вход от 1, выход к 0; отдаёт 0.0%; оборот 185000 KZT; возможен артефакт обрыва графа на 4 колене"
100000001726614100,terminal,0.65,0,0.3297716346567475,"terminal: вход от 1, выход к 0; отдаёт 0.0%; оборот 138717 KZT; нет выхода в выборке"
100000001732159100,peripheral,0.4,55,0.48679638710342954,"peripheral: вход от 2, выход к 4; отдаёт 63.3%; оборот 3884066 KZT; вход seed неполон"
100000001733216100,terminal,0.25,0,0.2754581852552256,"terminal: вход от 1, выход к 0; отдаёт 0.0%; оборот 60000 KZT; возможен артефакт обрыва графа на 4 колене"
100000001733687100,terminal,0.65,47,0.3574367112898671,"terminal: вход от 1, выход к 0; отдаёт 0.0%; оборот 300000 KZT; нет выхода в выборке"
100000001737722100,terminal,0.65,2,0.34220462007318597,"terminal: вход от 1, выход к 0; отдаёт 0.0%; оборот 60460 KZT; нет выхода в выборке"
100000001740277100,peripheral,0.4,1,0.27023541285062547,"peripheral: вход от 1, выход к 1; отдаёт 57.5%; оборот 13700 KZT"
100000001745217100,terminal,0.65,0,0.3147595530574483,"terminal: вход от 1, выход к 0; отдаёт 0.0%; оборот 50000 KZT; нет выхода в выборке"
100000001746925100,peripheral,0.4,2,0.3722464046602249,"peripheral: вход от 1, выход к 1; отдаёт 7.7%; оборот 70250 KZT"
100000001782980100,peripheral,0.4,57,0.3215262587497336,"peripheral: вход от 1, выход к 1; отдаёт 1192.4%; оборот 646200 KZT"
100000001784279100,terminal,0.65,0,0.30979290189948544,"terminal: вход от 1, выход к 0; отдаёт 0.0%; оборот 35674 KZT; нет выхода в выборке"
100000001785161100,terminal,0.65,34,0.3473494510738117,"terminal: вход от 2, выход к 0; отдаёт 0.0%; оборот 30000 KZT; нет выхода в выборке"
100000001788284100,distributor,0.7475227502527806,13,0.45258405791984085,"distributor: вход от 1, выход к 5; отдаёт 3708.8%; оборот 304700 KZT; рядом с входом ≤24ч: 65.0%"
100000001805543100,terminal,0.65,5,0.35851166567532267,"terminal: вход от 1, выход к 0; отдаёт 0.0%; оборот 59000 KZT; нет выхода в выборке"
100000001808684100,peripheral,0.4,44,0.2906805260260789,"peripheral: вход от 1, выход к 1; отдаёт 77.9%; оборот 86100 KZT"
100000001816678100,terminal,0.25,2,0.2870353635156775,"terminal: вход от 1, выход к 0; отдаёт 0.0%; оборот 60000 KZT; возможен артефакт обрыва графа на 4 колене"
100000001818442100,terminal,0.65,17,0.3122696469941022,"terminal: вход от 1, выход к 0; отдаёт 0.0%; оборот 42215 KZT; нет выхода в выборке"
100000001819396100,terminal,0.65,14,0.3324202653196008,"terminal: вход от 1, выход к 0; отдаёт 0.0%; оборот 166080 KZT; нет выхода в выборке"
100000001822623100,terminal,0.65,28,0.34358308565264,"terminal: вход от 1, выход к 0; отдаёт 0.0%; оборот 201300 KZT; нет выхода в выборке"
100000001822650100,terminal,0.25,47,0.28464060237298655,"terminal: вход от 1, выход к 0; отдаёт 0.0%; оборот 112000 KZT; возможен артефакт обрыва графа на 4 колене"
100000001825934100,peripheral,0.4,25,0.29037288070966427,"peripheral: вход от 1, выход к 1; отдаёт 242.5%; оборот 137000 KZT"
100000001831496100,peripheral,0.4,11,0.30606268627148153,"peripheral: вход от 1, выход к 1; отдаёт 1492.0%; оборот 398000 KZT"
100000001835625100,terminal,0.65,10,0.3486444128314926,"terminal: вход от 1, выход к 0; отдаёт 0.0%; оборот 75130 KZT; нет выхода в выборке"
100000001837130100,terminal,0.65,0,0.333012326747718,"terminal: вход от 1, выход к 0; отдаёт 0.0%; оборот 172900 KZT; нет выхода в выборке"
100000001845505100,terminal,0.25,8,0.2592959395867488,"terminal: вход от 1, выход к 0; отдаёт 0.0%; оборот 20000 KZT; возможен артефакт обрыва графа на 4 колене"
100000001848426100,terminal,0.65,44,0.33261752164802033,"terminal: вход от 1, выход к 0; отдаёт 0.0%; оборот 95530 KZT; нет выхода в выборке"
100000001851289100,terminal,0.65,5,0.3676105782707667,"terminal: вход от 1, выход к 0; отдаёт 0.0%; оборот 109510 KZT; нет выхода в выборке"
100000001852140100,terminal,0.65,58,0.3072445049257182,"terminal: вход от 1, выход к 0; отдаёт 0.0%; оборот 30000 KZT; нет выхода в выборке"
100000001853812100,terminal,0.65,8,0.3197096338530799,"terminal: вход от 1, выход к 0; отдаёт 0.0%; оборот 70000 KZT; нет выхода в выборке"
100000001857829100,distributor,0.7706918840833077,8,0.5894726409946349,"distributor: вход от 6, выход к 16; отдаёт 269.1%; оборот 3279528 KZT; рядом с входом ≤24ч: 80.5%"
100000001860090100,terminal,0.65,44,0.2808866695082488,"terminal: вход от 1, выход к 0; отдаёт 0.0%; оборот 5000 KZT; нет выхода в выборке"
100000001870116100,terminal,0.65,36,0.3289617493311509,"terminal: вход от 1, выход к 0; отдаёт 0.0%; оборот 24000 KZT; нет выхода в выборке"
100000001872484100,peripheral,0.4,42,0.3893671226771996,"peripheral: вход от 1, выход к 3; отдаёт 59.1%; оборот 1385980 KZT"
100000001875167100,terminal,0.65,10,0.38672665058190625,"terminal: вход от 1, выход к 0; отдаёт 0.0%; оборот 1000000 KZT; нет выхода в выборке"
100000001875239100,terminal,0.65,47,0.4592691533104134,"terminal: вход от 3, выход к 0; отдаёт 0.0%; оборот 712000 KZT; нет выхода в выборке"
100000001884825100,terminal,0.65,47,0.44494111269425574,"terminal: вход от 3, выход к 0; отдаёт 0.0%; оборот 495000 KZT; нет выхода в выборке"
100000001887715100,peripheral,0.4,38,0.40165395288910327,"peripheral: вход от 3, выход к 1; отдаёт 56.3%; оборот 2081500 KZT"
100000001893287100,peripheral,0.4,44,0.29360841158118256,"peripheral: вход от 1, выход к 1; отдаёт 848.3%; оборот 170700 KZT"
100000001899164100,peripheral,0.4,7,0.4807652752355882,"peripheral: вход от 4, выход к 3; отдаёт 26.2%; оборот 368175 KZT"
100000001904863100,terminal,0.65,43,0.38486244755368026,"terminal: вход от 1, выход к 0; отдаёт 0.0%; оборот 500000 KZT; нет выхода в выборке"
100000001924185100,terminal,0.65,11,0.4566533198468488,"terminal: вход от 2, выход к 0; отдаёт 0.0%; оборот 151000 KZT; нет выхода в выборке"
100000001927599100,terminal,0.65,17,0.39066619343644426,"terminal: вход от 2, выход к 0; отдаёт 0.0%; оборот 188000 KZT; нет выхода в выборке"
100000001929088100,terminal,0.65,1,0.4266265230517679,"terminal: вход от 2, выход к 0; отдаёт 0.0%; оборот 396010 KZT; нет выхода в выборке"
100000001934935100,terminal,0.65,0,0.34382520522189775,"terminal: вход от 1, выход к 0; отдаёт 0.0%; оборот 118935 KZT; нет выхода в выборке"
100000001937767100,peripheral,0.4,43,0.43518156281287185,"peripheral: вход от 1, выход к 4; отдаёт 3647.2%; оборот 1986000 KZT"
100000001952325100,terminal,0.65,36,0.34628050606219496,"terminal: вход от 1, выход к 0; отдаёт 0.0%; оборот 77888 KZT; нет выхода в выборке"
100000001953577100,terminal,0.65,36,0.32262441992618723,"terminal: вход от 1, выход к 0; отдаёт 0.0%; оборот 15600 KZT; нет выхода в выборке"
100000001954534100,peripheral,0.4,0,0.27640126759800776,"peripheral: вход от 1, выход к 1; отдаёт 307.7%; оборот 53000 KZT"
100000001954903100,terminal,0.65,11,0.3140919876722253,"terminal: вход от 1, выход к 0; отдаёт 0.0%; оборот 27118 KZT; нет выхода в выборке"
100000001957974100,terminal,0.25,43,0.29033407779972953,"terminal: вход от 1, выход к 0; отдаёт 0.0%; оборот 500000 KZT; возможен артефакт обрыва графа на 4 колене"
100000001960517100,terminal,0.65,44,0.3764715508325096,"terminal: вход от 1, выход к 0; отдаёт 0.0%; оборот 200000 KZT; нет выхода в выборке"
100000001961048100,terminal,0.65,34,0.36714972084976805,"terminal: вход от 1, выход к 0; отдаёт 0.0%; оборот 150000 KZT; нет выхода в выборке"
100000001965374100,peripheral,0.4,20,0.38741430736353794,"peripheral: вход от 2, выход к 3; отдаёт 175.1%; оборот 4841820 KZT"
100000001969496100,terminal,0.65,43,0.3031683918806892,"terminal: вход от 1, выход к 0; отдаёт 0.0%; оборот 22740 KZT; нет выхода в выборке"
100000001985793100,terminal,0.65,44,0.35440307916970487,"terminal: вход от 1, выход к 0; отдаёт 0.0%; оборот 420000 KZT; нет выхода в выборке"
100000001987030100,peripheral,0.4,3,0.36312648683439414,"peripheral: вход от 2, выход к 1; отдаёт 61.6%; оборот 49864 KZT"
100000001991973100,terminal,0.25,51,0.24355580841168584,"terminal: вход от 1, выход к 0; отдаёт 0.0%; оборот 20800 KZT; возможен артефакт обрыва графа на 4 колене"
100000002015633100,terminal,0.65,10,0.35209198804725994,"terminal: вход от 1, выход к 0; отдаёт 0.0%; оборот 94970 KZT; нет выхода в выборке"
100000002028158100,terminal,0.65,3,0.3456556138237725,"terminal: вход от 1, выход к 0; отдаёт 0.0%; оборот 34800 KZT; нет выхода в выборке"
100000002032323100,peripheral,0.4,47,0.32403195943267793,"peripheral: вход от 1, выход к 1; отдаёт 350.0%; оборот 1350000 KZT"
100000002087788100,terminal,0.65,10,0.3612579606731693,"terminal: вход от 1, выход к 0; отдаёт 0.0%; оборот 100500 KZT; нет выхода в выборке"
100000002095257100,terminal,0.65,7,0.3050091541069984,"terminal: вход от 1, выход к 0; отдаёт 0.0%; оборот 8500 KZT; нет выхода в выборке"
100000002103448100,terminal,0.65,33,0.30569450010379345,"terminal: вход от 1, выход к 0; отдаёт 0.0%; оборот 27000 KZT; нет выхода в выборке"
100000002109656100,terminal,0.65,23,0.36495193595989506,"terminal: вход от 1, выход к 0; отдаёт 0.0%; оборот 500000 KZT; нет выхода в выборке"
100000002116705100,terminal,0.65,33,0.2993989864576474,"terminal: вход от 1, выход к 0; отдаёт 0.0%; оборот 17600 KZT; нет выхода в выборке"
100000002119762100,terminal,0.25,10,0.2907053666627374,"terminal: вход от 1, выход к 0; отдаёт 0.0%; оборот 77000 KZT; возможен артефакт обрыва графа на 4 колене"
100000002121357100,peripheral,0.4,47,0.3764004088064224,"peripheral: вход от 2, выход к 1; отдаёт 44.3%; оборот 368300 KZT"
100000002126791100,terminal,0.25,47,0.32085500740218725,"terminal: вход от 1, выход к 0; отдаёт 0.0%; оборот 1313000 KZT; возможен артефакт обрыва графа на 4 колене"
100000002130400100,terminal,0.25,25,0.23278200775124674,"terminal: вход от 1, выход к 0; отдаёт 0.0%; оборот 10000 KZT; возможен артефакт обрыва графа на 4 колене"
100000002132479100,peripheral,0.4,43,0.322538576469374,"peripheral: вход от 1, выход к 1; отдаёт 66.7%; оборот 50000 KZT"
100000002152857100,distributor,0.65,44,0.48469044756498547,"distributor: вход от 1, выход к 5; отдаёт 1171.4%; оборот 1335000 KZT; рядом с входом ≤24ч: 0.0%"
100000002156381100,peripheral,0.4,59,0.3761205617687451,"peripheral: вход от 2, выход к 1; отдаёт 35.7%; оборот 82800 KZT"
100000002158488100,terminal,0.65,36,0.3330660614356196,"terminal: вход от 1, выход к 0; отдаёт 0.0%; оборот 31723 KZT; нет выхода в выборке"
100000002170580100,terminal,0.65,11,0.33925542628465505,"terminal: вход от 1, выход к 0; отдаёт 0.0%; оборот 150000 KZT; нет выхода в выборке"
100000002173070100,terminal,0.65,5,0.35245208993173827,"terminal: вход от 1, выход к 0; отдаёт 0.0%; оборот 30000 KZT; нет выхода в выборке"
100000002173161100,terminal,0.65,5,0.4855228525591616,"terminal: вход от 3, выход к 0; отдаёт 0.0%; оборот 1427500 KZT; нет выхода в выборке"
100000002175422100,distributor,0.6639893707577407,39,0.5085635914437441,"distributor: вход от 3, выход к 6; отдаёт 2366.7%; оборот 1689688 KZT; рядом с входом ≤24ч: 9.3%"
100000002182176100,terminal,0.65,0,0.33735651314691145,"terminal: вход от 1, выход к 0; отдаёт 0.0%; оборот 42465 KZT; нет выхода в выборке"
100000002184107100,terminal,0.65,41,0.2837294072335911,"terminal: вход от 1, выход к 0; отдаёт 0.0%; оборот 6066 KZT; нет выхода в выборке"
100000002185328100,peripheral,0.4,32,0.3167532318384277,"peripheral: вход от 1, выход к 4; отдаёт 366.7%; оборот 70000 KZT"
100000002188586100,terminal,0.25,17,0.2688580460791224,"terminal: вход от 1, выход к 0; отдаёт 0.0%; оборот 38310 KZT; возможен артефакт обрыва графа на 4 колене"
100000002188829100,terminal,0.65,2,0.40722620049427594,"terminal: вход от 1, выход к 0; отдаёт 0.0%; оборот 400000 KZT; нет выхода в выборке"
100000002193259100,peripheral,0.4,7,0.3680653813111475,"peripheral: вход от 2, выход к 3; отдаёт 120.8%; оборот 106000 KZT"
100000002194320100,terminal,0.25,50,0.28153875000650375,"terminal: вход от 1, выход к 0; отдаёт 0.0%; оборот 275000 KZT; возможен артефакт обрыва графа на 4 колене"
100000002194329100,terminal,0.65,0,0.3209791112414352,"terminal: вход от 1, выход к 0; отдаёт 0.0%; оборот 25170 KZT; нет выхода в выборке"
100000002199091100,terminal,0.65,29,0.32695271010068677,"terminal: вход от 1, выход к 0; отдаёт 0.0%; оборот 65000 KZT; нет выхода в выборке"
100000002205022100,peripheral,0.4,31,0.38206920687231627,"peripheral: вход от 1, выход к 3; отдаёт 7295.8%; оборот 525100 KZT"
100000002208836100,terminal,0.25,10,0.2930004667609043,"terminal: вход от 1, выход к 0; отдаёт 0.0%; оборот 90000 KZT; возможен артефакт обрыва графа на 4 колене"
100000002211413100,terminal,0.65,36,0.33532981145063606,"terminal: вход от 1, выход к 0; отдаёт 0.0%; оборот 37000 KZT; нет выхода в выборке"
100000002212494100,terminal,0.65,39,0.3318715747280842,"terminal: вход от 1, выход к 0; отдаёт 0.0%; оборот 160000 KZT; нет выхода в выборке"
100000002214207100,terminal,0.25,25,0.2662081051767592,"terminal: вход от 1, выход к 0; отдаёт 0.0%; оборот 97000 KZT; возможен артефакт обрыва графа на 4 колене"
100000002214301100,peripheral,0.4,0,0.31299787950730623,"peripheral: вход от 1, выход к 1; отдаёт 37.3%; оборот 29438 KZT"
100000002214383100,terminal,0.25,60,0.2777801706800291,"terminal: вход от 1, выход к 0; отдаёт 0.0%; оборот 213000 KZT; возможен артефакт обрыва графа на 4 колене"
100000002214570100,terminal,0.65,36,0.3304034044547078,"terminal: вход от 1, выход к 0; отдаёт 0.0%; оборот 26471 KZT; нет выхода в выборке"
100000002214664100,peripheral,0.4,61,0.28333317496892957,"peripheral: вход от 1, выход к 1; отдаёт 967.9%; оборот 84900 KZT"
100000002216999100,terminal,0.65,33,0.3037624148399961,"terminal: вход от 1, выход к 0; отдаёт 0.0%; оборот 23677 KZT; нет выхода в выборке"
100000002217161100,distributor,0.6878441252014809,41,0.5093736642994685,"distributor: вход от 2, выход к 7; отдаёт 245.9%; оборот 1399882 KZT; рядом с входом ≤24ч: 25.2%"
100000002217806100,terminal,0.25,18,0.25786098365966825,"terminal: вход от 1, выход к 0; отдаёт 0.0%; оборот 55000 KZT; возможен артефакт обрыва графа на 4 колене"
100000002224132100,peripheral,0.4,20,0.44809889572798056,"peripheral: вход от 5, выход к 4; отдаёт 306.6%; оборот 16066020 KZT"
100000002227960100,terminal,0.25,32,0.23278200775124674,"terminal: вход от 1, выход к 0; отдаёт 0.0%; оборот 10000 KZT; возможен артефакт обрыва графа на 4 колене"
100000002227989100,terminal,0.25,32,0.24297882328208775,"terminal: вход от 1, выход к 0; отдаёт 0.0%; оборот 20000 KZT; возможен артефакт обрыва графа на 4 колене"
100000002229615100,terminal,0.25,32,0.2625786706634116,"terminal: вход от 1, выход к 0; отдаёт 0.0%; оборот 25000 KZT; возможен артефакт обрыва графа на 4 колене"
100000002231144100,terminal,0.25,32,0.2387467023707469,"terminal: вход от 1, выход к 0; отдаёт 0.0%; оборот 15000 KZT; возможен артефакт обрыва графа на 4 колене"
100000002232266100,terminal,0.65,8,0.3132095264412596,"terminal: вход от 1, выход к 0; отдаёт 0.0%; оборот 45000 KZT; нет выхода в выборке"
100000002236528100,terminal,0.65,1,0.31884398772180594,"terminal: вход от 1, выход к 0; отдаёт 0.0%; оборот 66000 KZT; нет выхода в выборке"
100000002241986100,distributor,0.65,30,0.5081360124249547,"distributor: вход от 1, выход к 6; отдаёт 1098.9%; оборот 3357000 KZT; рядом с входом ≤24ч: 0.0%"
100000002242066100,terminal,0.25,41,0.25914106895056455,"terminal: вход от 1, выход к 0; отдаёт 0.0%; оборот 60000 KZT; возможен артефакт обрыва графа на 4 колене"
100000002242455100,terminal,0.25,10,0.2959526955550408,"terminal: вход от 1, выход к 0; отдаёт 0.0%; оборот 110000 KZT; возможен артефакт обрыва графа на 4 колене"
100000002243354100,terminal,0.65,36,0.326912318888116,"terminal: вход от 1, выход к 0; отдаёт 0.0%; оборот 20879 KZT; нет выхода в выборке"
100000002255058100,terminal,0.65,2,0.3483825666235179,"terminal: вход от 1, выход к 0; отдаёт 0.0%; оборот 491500 KZT; нет выхода в выборке"
100000002257794100,terminal,0.65,53,0.3313092694953688,"terminal: вход от 1, выход к 0; отдаёт 0.0%; оборот 154000 KZT; нет выхода в выборке"
100000002258492100,terminal,0.25,54,0.23123211189144066,"terminal: вход от 1, выход к 0; отдаёт 0.0%; оборот 9000 KZT; возможен артефакт обрыва графа на 4 колене"
100000002267998100,peripheral,0.4,28,0.3868309187785624,"peripheral: вход от 2, выход к 3; отдаёт 265.5%; оборот 1535000 KZT"
100000002284426100,terminal,0.65,10,0.3513012086164088,"terminal: вход от 1, выход к 0; отдаёт 0.0%; оборот 90000 KZT; нет выхода в выборке"
100000002289937100,terminal,0.65,36,0.3262795651375922,"terminal: вход от 1, выход к 0; отдаёт 0.0%; оборот 20000 KZT; нет выхода в выборке"
100000002293421100,peripheral,0.4,0,0.3189158342658624,"peripheral: вход от 2, выход к 2; отдаёт 114.6%; оборот 88000 KZT"
100000002299948100,terminal,0.65,46,0.29363436580061575,"terminal: вход от 1, выход к 0; отдаёт 0.0%; оборот 6750 KZT; нет выхода в выборке"
100000002301828100,terminal,0.65,27,0.31384206252193936,"terminal: вход от 1, выход к 0; отдаёт 0.0%; оборот 46977 KZT; нет выхода в выборке"
100000002304943100,terminal,0.25,32,0.2387467023707469,"terminal: вход от 1, выход к 0; отдаёт 0.0%; оборот 15000 KZT; возможен артефакт обрыва графа на 4 колене"
100000002305007100,terminal,0.65,33,0.3164268082053304,"terminal: вход от 1, выход к 0; отдаёт 0.0%; оборот 56000 KZT; нет выхода в выборке"
100000002305477100,terminal,0.25,32,0.24297882328208775,"terminal: вход от 1, выход к 0; отдаёт 0.0%; оборот 20000 KZT; возможен артефакт обрыва графа на 4 колене"
100000002306369100,distributor,0.65,2,0.47129444167891965,"distributor: вход от 1, выход к 6; отдаёт 356.6%; оборот 334066 KZT; рядом с входом ≤24ч: 0.0%"
100000002308091100,terminal,0.65,23,0.3341436224606398,"terminal: вход от 1, выход к 0; отдаёт 0.0%; оборот 186720 KZT; нет выхода в выборке"
100000002320495100,terminal,0.25,27,0.23722535047449222,"terminal: вход от 1, выход к 0; отдаёт 0.0%; оборот 13526 KZT; возможен артефакт обрыва графа на 4 колене"
100000002324543100,terminal,0.65,4,0.3323432301379096,"terminal: вход от 1, выход к 0; отдаёт 0.0%; оборот 30202 KZT; нет выхода в выборке"
100000002335358100,terminal,0.65,5,0.33824041317563014,"terminal: вход от 1, выход к 0; отдаёт 0.0%; оборот 140000 KZT; нет выхода в выборке"
100000002340562100,terminal,0.65,1,0.31852331902261616,"terminal: вход от 1, выход к 0; отдаёт 0.0%; оборот 36650 KZT; нет выхода в выборке"
100000002343825100,peripheral,0.4,47,0.4197119372241204,"peripheral: вход от 3, выход к 2; отдаёт 25.7%; оборот 439800 KZT"
100000002346166100,terminal,0.65,33,0.28356848598716944,"terminal: вход от 1, выход к 0; отдаёт 0.0%; оборот 6000 KZT; нет выхода в выборке"
100000002356167100,peripheral,0.4,10,0.3753516534268988,"peripheral: вход от 1, выход к 2; отдаёт 9.8%; оборот 329500 KZT"
100000002369443100,terminal,0.65,33,0.3147595530574483,"terminal: вход от 1, выход к 0; отдаёт 0.0%; оборот 50000 KZT; нет выхода в выборке"
100000002369454100,terminal,0.25,8,0.24626155435875058,"terminal: вход от 1, выход к 0; отдаёт 0.0%; оборот 25000 KZT; возможен артефакт обрыва графа на 4 колене"
100000002369510100,terminal,0.65,33,0.31038933233920346,"terminal: вход от 1, выход к 0; отдаёт 0.0%; оборот 37150 KZT; нет выхода в выборке"
100000002369874100,terminal,0.65,47,0.4788225760523011,"terminal: вход от 4, выход к 0; отдаёт 0.0%; оборот 600000 KZT; нет выхода в выборке"
100000002371751100,peripheral,0.4,40,0.3328692451774603,"peripheral: вход от 1, выход к 1; отдаёт 125.0%; оборот 450000 KZT"
100000002371892100,terminal,0.25,62,0.25452122189708326,"terminal: вход от 1, выход к 0; отдаёт 0.0%; оборот 43830 KZT; возможен артефакт обрыва графа на 4 колене"
100000002373144100,peripheral,0.4,0,0.30234993024978324,"peripheral: вход от 1, выход к 1; отдаёт 23.2%; оборот 57232 KZT"
100000002373386100,terminal,0.65,33,0.3039617493311509,"terminal: вход от 1, выход к 0; отдаёт 0.0%; оборот 24000 KZT; нет выхода в выборке"
100000002380341100,terminal,0.65,0,0.3168326652909835,"terminal: вход от 1, выход к 0; отдаёт 0.0%; оборот 57566 KZT; нет выхода в выборке"
100000002391278100,peripheral,0.4,44,0.2829469246484962,"peripheral: вход от 1, выход к 1; отдаёт 175.7%; оборот 82700 KZT"
100000002394199100,peripheral,0.4,1,0.32770706570687813,"peripheral: вход от 1, выход к 1; отдаёт 27.7%; оборот 354175 KZT"
100000002398779100,consolidator,0.8,0,0.688130147575329,"consolidator: вход от 13, выход к 1; отдаёт 6.0%; оборот 1161690 KZT"
100000002404112100,terminal,0.25,14,0.25914106895056455,"terminal: вход от 1, выход к 0; отдаёт 0.0%; оборот 60000 KZT; возможен артефакт обрыва графа на 4 колене"
100000002432143100,terminal,0.65,2,0.35814069765936296,"terminal: вход от 1, выход к 0; отдаёт 0.0%; оборот 81310 KZT; нет выхода в выборке"
100000002433697100,transit,0.8,10,0.4214848500831217,"transit: вход от 1, выход к 1; отдаёт 84.6%; оборот 240000 KZT; рядом с входом ≤24ч: 100.0%"
100000002435265100,terminal,0.65,0,0.3454283703933374,"terminal: вход от 1, выход к 0; отдаёт 0.0%; оборот 132628 KZT; нет выхода в выборке"
100000002443664100,terminal,0.65,23,0.46398735080674747,"terminal: вход от 3, выход к 0; отдаёт 0.0%; оборот 556880 KZT; нет выхода в выборке"
100000002445750100,peripheral,0.4,0,0.33479539696495575,"peripheral: вход от 1, выход к 1; отдаёт 14.3%; оборот 80000 KZT"
100000002448088100,peripheral,0.4,32,0.3170328455867013,"peripheral: вход от 3, выход к 1; отдаёт 125.0%; оборот 45000 KZT"
100000002454724100,terminal,0.65,34,0.36446743367798984,"terminal: вход от 1, выход к 0; отдаёт 0.0%; оборот 125000 KZT; нет выхода в выборке"
100000002457464100,terminal,0.65,2,0.34363795463097085,"terminal: вход от 1, выход к 0; отдаёт 0.0%; оборот 66647 KZT; нет выхода в выборке"
100000002459093100,peripheral,0.4,44,0.34803563187721925,"peripheral: вход от 1, выход к 1; отдаёт 11.0%; оборот 555000 KZT"
100000002459163100,terminal,0.65,42,0.30974470723400405,"terminal: вход от 1, выход к 0; отдаёт 0.0%; оборот 20180 KZT; нет выхода в выборке"
100000002459164100,terminal,0.65,0,0.3012795651375922,"terminal: вход от 1, выход к 0; отдаёт 0.0%; оборот 20000 KZT; нет выхода в выборке"
100000002459240100,terminal,0.65,10,0.35881638751643474,"terminal: вход от 1, выход к 0; отдаёт 0.0%; оборот 150000 KZT; нет выхода в выборке"
100000002459832100,terminal,0.65,8,0.4133838691822158,"terminal: вход от 2, выход к 0; отдаёт 0.0%; оборот 880606 KZT; нет выхода в выборке"
100000002462183100,terminal,0.65,63,0.35102092516682704,"terminal: вход от 1, выход к 0; отдаёт 0.0%; оборот 107500 KZT; нет выхода в выборке"
100000002469065100,terminal,0.65,5,0.3803620195338686,"terminal: вход от 1, выход к 0; отдаёт 0.0%; оборот 200000 KZT; нет выхода в выборке"
100000002472632100,peripheral,0.4,13,0.3742703800801865,"peripheral: вход от 2, выход к 1; отдаёт 4.0%; оборот 522400 KZT"
100000002474570100,terminal,0.25,51,0.22700029061177796,"terminal: вход от 1, выход к 0; отдаёт 0.0%; оборот 6750 KZT; возможен артефакт обрыва графа на 4 колене"
100000002475601100,terminal,0.65,8,0.3373570480618584,"terminal: вход от 1, выход к 0; отдаёт 0.0%; оборот 232301 KZT; нет выхода в выборке"
100000002478829100,terminal,0.25,32,0.26710221638012616,"terminal: вход от 1, выход к 0; отдаёт 0.0%; оборот 34000 KZT; возможен артефакт обрыва графа на 4 колене"
100000002479804100,peripheral,0.4,2,0.33025806830553034,"peripheral: вход от 1, выход к 2; отдаёт 76.7%; оборот 81300 KZT"
100000002480800100,terminal,0.65,2,0.4525223512358649,"terminal: вход от 2, выход к 0; отдаёт 0.0%; оборот 569251 KZT; нет выхода в выборке"
100000002481735100,terminal,0.65,5,0.3113037305158042,"terminal: вход от 1, выход к 0; отдаёт 0.0%; оборот 22436 KZT; нет выхода в выборке"
100000002481974100,peripheral,0.4,8,0.3494466486873831,"peripheral: вход от 2, выход к 2; отдаёт 355.5%; оборот 407447 KZT"
100000002487222100,terminal,0.25,10,0.2930004667609043,"terminal: вход от 1, выход к 0; отдаёт 0.0%; оборот 90000 KZT; возможен артефакт обрыва графа на 4 колене"
100000002488629100,terminal,0.65,44,0.32867040711048473,"terminal: вход от 1, выход к 0; отдаёт 0.0%; оборот 73050 KZT; нет выхода в выборке"
100000002489253100,terminal,0.65,5,0.3233842160101542,"terminal: вход от 1, выход к 0; отдаёт 0.0%; оборот 51000 KZT; нет выхода в выборке"
100000002492277100,terminal,0.65,2,0.3543990519976568,"terminal: вход от 1, выход к 0; отдаёт 0.0%; оборот 138500 KZT; нет выхода в выборке"
100000002505277100,terminal,0.25,0,0.2754581852552256,"terminal: вход от 1, выход к 0; отдаёт 0.0%; оборот 60000 KZT; возможен артефакт обрыва графа на 4 колене"
100000002506987100,terminal,0.25,17,0.2643506024363931,"terminal: вход от 1, выход к 0; отдаёт 0.0%; оборот 28200 KZT; возможен артефакт обрыва графа на 4 колене"
100000002508637100,peripheral,0.4,8,0.3340516994725606,"peripheral: вход от 1, выход к 1; отдаёт 2.6%; оборот 314410 KZT"
100000002509598100,terminal,0.65,23,0.3577063946339484,"terminal: вход от 1, выход к 0; отдаёт 0.0%; оборот 305550 KZT; нет выхода в выборке"
100000002511581100,terminal,0.65,33,0.2993989864576474,"terminal: вход от 1, выход к 0; отдаёт 0.0%; оборот 17600 KZT; нет выхода в выборке"
100000002511825100,terminal,0.65,0,0.34361937676735343,"terminal: вход от 1, выход к 0; отдаёт 0.0%; оборот 65000 KZT; нет выхода в выборке"
100000002512742100,terminal,0.25,51,0.225267744131665,"terminal: вход от 1, выход к 0; отдаёт 0.0%; оборот 6000 KZT; возможен артефакт обрыва графа на 4 колене"
100000002513028100,peripheral,0.4,64,0.3305624617501083,"peripheral: вход от 1, выход к 3; отдаёт 3502.2%; оборот 342209 KZT"
100000002514975100,terminal,0.25,14,0.2413633171427605,"terminal: вход от 1, выход к 0; отдаёт 0.0%; оборот 17920 KZT; возможен артефакт обрыва графа на 4 колене"
100000002516862100,terminal,0.25,64,0.2636845242268273,"terminal: вход от 1, выход к 0; отдаёт 0.0%; оборот 81710 KZT; возможен артефакт обрыва графа на 4 колене"
100000002521039100,terminal,0.65,0,0.359678057051468,"terminal: вход от 1, выход к 0; отдаёт 0.0%; оборот 349370 KZT; нет выхода в выборке"
100000002527114100,distributor,0.55,36,0.6520474973499898,"distributor: вход от 3, выход к 111; отдаёт 2549.8%; оборот 3418249 KZT; рядом с входом ≤24ч: 27.0%; вход seed неполон"
100000002528544100,terminal,0.65,8,0.3346235821757188,"terminal: вход от 1, выход к 0; отдаёт 0.0%; оборот 192912 KZT; нет выхода в выборке"
100000002528978100,terminal,0.25,17,0.2559210127958238,"terminal: вход от 1, выход к 0; отдаёт 0.0%; оборот 15900 KZT; возможен артефакт обрыва графа на 4 колене"
100000002529877100,terminal,0.25,23,0.2790372311649021,"terminal: вход от 1, выход к 0; отдаёт 0.0%; оборот 232000 KZT; возможен артефакт обрыва графа на 4 колене"
100000002529880100,terminal,0.65,47,0.38704693605722085,"terminal: вход от 2, выход к 0; отдаёт 0.0%; оборот 147000 KZT; нет выхода в выборке"
100000002530224100,terminal,0.65,47,0.3267550005679062,"terminal: вход от 1, выход к 0; отдаёт 0.0%; оборот 113000 KZT; нет выхода в выборке"
100000002531406100,peripheral,0.4,8,0.3211505089038331,"peripheral: вход от 1, выход к 1; отдаёт 96.2%; оборот 1020000 KZT"
100000002534091100,terminal,0.65,8,0.3191319485401224,"terminal: вход от 1, выход к 0; отдаёт 0.0%; оборот 22200 KZT; нет выхода в выборке"
100000002537811100,peripheral,0.4,11,0.33970717439119075,"peripheral: вход от 1, выход к 1; отдаёт 28.8%; оборот 67000 KZT"
100000002539625100,terminal,0.65,47,0.33248914155143416,"terminal: вход от 1, выход к 0; отдаёт 0.0%; оборот 94700 KZT; нет выхода в выборке"
100000002540033100,terminal,0.25,38,0.23278200775124674,"terminal: вход от 1, выход к 0; отдаёт 0.0%; оборот 10000 KZT; возможен артефакт обрыва графа на 4 колене"
100000002540623100,terminal,0.65,11,0.3332902903469184,"terminal: вход от 1, выход к 0; отдаёт 0.0%; оборот 100000 KZT; нет выхода в выборке"
100000002546921100,terminal,0.65,43,0.3012795651375922,"terminal: вход от 1, выход к 0; отдаёт 0.0%; оборот 20000 KZT; нет выхода в выборке"
100000002547110100,consolidator,0.8,47,0.6024788279716053,"consolidator: вход от 6, выход к 0; отдаёт 0.0%; оборот 1500000 KZT"
100000002548759100,terminal,0.65,47,0.4124017040800774,"terminal: вход от 2, выход к 0; отдаёт 0.0%; оборот 375000 KZT; нет выхода в выборке"
100000002550141100,terminal,0.65,8,0.32504291660194645,"terminal: вход от 1, выход к 0; отдаёт 0.0%; оборот 100586 KZT; нет выхода в выборке"
100000002554175100,terminal,0.65,17,0.3043375641390804,"terminal: вход от 1, выход к 0; отдаёт 0.0%; оборот 24621 KZT; нет выхода в выборке"
100000002556775100,terminal,0.65,10,0.369013889550319,"terminal: вход от 1, выход к 0; отдаёт 0.0%; оборот 300000 KZT; нет выхода в выборке"
100000002558173100,terminal,0.65,46,0.29834853679753637,"terminal: вход от 1, выход к 0; отдаёт 0.0%; оборот 9300 KZT; нет выхода в выборке"
100000002559089100,terminal,0.65,23,0.39400184777185865,"terminal: вход от 2, выход к 0; отдаёт 0.0%; оборот 715000 KZT; нет выхода в выборке"
100000002565277100,terminal,0.65,2,0.41000987790247867,"terminal: вход от 1, выход к 0; отдаёт 0.0%; оборот 483319 KZT; нет выхода в выборке"
100000002566204100,terminal,0.65,11,0.3301547463032397,"terminal: вход от 1, выход к 0; отдаёт 0.0%; оборот 80805 KZT; нет выхода в выборке"
100000002567887100,terminal,0.65,10,0.3429206373402336,"terminal: вход от 1, выход к 0; отдаёт 0.0%; оборот 50915 KZT; нет выхода в выборке"
100000002570206100,terminal,0.65,27,0.39725337312068,"terminal: вход от 2, выход к 0; отдаёт 0.0%; оборот 166960 KZT; нет выхода в выборке"
100000002575080100,transit,0.8,3,0.384774732416545,"transit: вход от 1, выход к 1; отдаёт 96.2%; оборот 25500 KZT; рядом с входом ≤24ч: 100.0%"
100000002578405100,distributor,0.7246220987841789,33,0.6446629613784162,"distributor: вход от 2, выход к 116; отдаёт 259.0%; оборот 4308703 KZT; рядом с входом ≤24ч: 49.7%"
100000002578653100,terminal,0.65,65,0.3012795651375922,"terminal: вход от 1, выход к 0; отдаёт 0.0%; оборот 20000 KZT; нет выхода в выборке"
100000002580377100,peripheral,0.4,5,0.3425790147065311,"peripheral: вход от 1, выход к 1; отдаёт 13.2%; оборот 42750 KZT"
100000002581346100,terminal,0.65,10,0.3603428791771254,"terminal: вход от 1, выход к 0; отдаёт 0.0%; оборот 166400 KZT; нет выхода в выборке"
100000002589019100,terminal,0.65,7,0.33438988957325644,"terminal: вход от 1, выход к 0; отдаёт 0.0%; оборот 34710 KZT; нет выхода в выборке"
100000002591469100,terminal,0.65,1,0.3625688783908866,"terminal: вход от 1, выход к 0; отдаёт 0.0%; оборот 235670 KZT; нет выхода в выборке"
100000002592567100,peripheral,0.4,5,0.3330141816435564,"peripheral: вход от 1, выход к 2; отдаёт 917.5%; оборот 53897 KZT"
100000002593038100,terminal,0.65,7,0.3516974910325639,"terminal: вход от 1, выход к 0; отдаёт 0.0%; оборот 28500 KZT; нет выхода в выборке"
100000002593344100,terminal,0.65,47,0.41444933943670964,"terminal: вход от 2, выход к 0; отдаёт 0.0%; оборот 431000 KZT; нет выхода в выборке"
100000002594214100,terminal,0.25,30,0.32842590872640187,"terminal: вход от 1, выход к 0; отдаёт 0.0%; оборот 1000000 KZT; возможен артефакт обрыва графа на 4 колене"
100000002596035100,terminal,0.65,11,0.40652209085673413,"terminal: вход от 1, выход к 0; отдаёт 0.0%; оборот 231570 KZT; нет выхода в выборке"
100000002596039100,terminal,0.25,8,0.28180383651786617,"terminal: вход от 1, выход к 0; отдаёт 0.0%; оборот 280000 KZT; возможен артефакт обрыва графа на 4 колене"
100000002597003100,peripheral,0.4,0,0.30460409971170355,"peripheral: вход от 1, выход к 1; отдаёт 62.1%; оборот 28700 KZT"
100000002597074100,terminal,0.25,0,0.24581661362383778,"terminal: вход от 1, выход к 0; отдаёт 0.0%; оборот 8000 KZT; возможен артефакт обрыва графа на 4 колене"
100000002597623100,terminal,0.65,0,0.31469337878619685,"terminal: вход от 1, выход к 0; отдаёт 0.0%; оборот 16418 KZT; нет выхода в выборке"
100000002599729100,terminal,0.25,0,0.27663575121651,"terminal: вход от 1, выход к 0; отдаёт 0.0%; оборот 65000 KZT; возможен артефакт обрыва графа на 4 колене"
100000002600345100,terminal,0.65,5,0.396871351303747,"terminal: вход от 2, выход к 0; отдаёт 0.0%; оборот 52400 KZT; нет выхода в выборке"
100000002603371100,terminal,0.65,0,0.290015203464203,"terminal: вход от 1, выход к 0; отдаёт 0.0%; оборот 9300 KZT; нет выхода в выборке"
100000002603478100,terminal,0.65,7,0.32865202553570655,"terminal: вход от 1, выход к 0; отдаёт 0.0%; оборот 23500 KZT; нет выхода в выборке"
100000002603769100,terminal,0.65,0,0.4827883229201638,"terminal: вход от 3, выход к 0; отдаёт 0.0%; оборот 1185368 KZT; нет выхода в выборке"
100000002605184100,terminal,0.65,3,0.33824041317563014,"terminal: вход от 1, выход к 0; отдаёт 0.0%; оборот 140000 KZT; нет выхода в выборке"
100000002605308100,terminal,0.65,43,0.4864837552310962,"terminal: вход от 3, выход к 0; отдаёт 0.0%; оборот 2569522 KZT; нет выхода в выборке"
100000002605548100,terminal,0.65,11,0.4427482032385997,"terminal: вход от 2, выход к 0; отдаёт 0.0%; оборот 116695 KZT; нет выхода в выборке"
100000002606567100,peripheral,0.4,0,0.30487054770281113,"peripheral: вход от 1, выход к 1; отдаёт 376.0%; оборот 67095 KZT"
100000002609774100,peripheral,0.4,17,0.3116977174619506,"peripheral: вход от 1, выход к 1; отдаёт 357.1%; оборот 35200 KZT"
100000002611334100,peripheral,0.4,0,0.3010594548603525,"peripheral: вход от 1, выход к 1; отдаёт 32.1%; оборот 63788 KZT"
100000002612809100,peripheral,0.4,25,0.31782772847669893,"peripheral: вход от 1, выход к 3; отдаёт 380.0%; оборот 144000 KZT"
100000002613776100,terminal,0.65,2,0.3318949545637126,"terminal: вход от 1, выход к 0; отдаёт 0.0%; оборот 30000 KZT; нет выхода в выборке"
100000002613929100,terminal,0.65,4,0.3065208449248333,"terminal: вход от 1, выход к 0; отдаёт 0.0%; оборот 28560 KZT; нет выхода в выборке"
100000002614095100,terminal,0.65,33,0.28174375262379664,"terminal: вход от 1, выход к 0; отдаёт 0.0%; оборот 5300 KZT; нет выхода в выборке"
100000002615479100,terminal,0.65,4,0.3615566270468529,"terminal: вход от 1, выход к 0; отдаёт 0.0%; оборот 220000 KZT; нет выхода в выборке"
100000002618492100,terminal,0.65,11,0.45646678371437105,"terminal: вход от 2, выход к 0; отдаёт 0.0%; оборот 296500 KZT; нет выхода в выборке"
100000002621434100,terminal,0.65,47,0.32185687290525694,"terminal: вход от 1, выход к 0; отдаёт 0.0%; оборот 81000 KZT; нет выхода в выборке"
100000002621915100,terminal,0.65,5,0.2892200028415821,"terminal: вход от 1, выход к 0; отдаёт 0.0%; оборот 5000 KZT; нет выхода в выборке"
100000002621949100,terminal,0.65,2,0.39416389899615034,"terminal: вход от 1, выход к 0; отдаёт 0.0%; оборот 164612 KZT; нет выхода в выборке"
100000002622822100,terminal,0.25,38,0.2962992529689575,"terminal: вход от 1, выход к 0; отдаёт 0.0%; оборот 750000 KZT; возможен артефакт обрыва графа на 4 колене"
100000002628146100,terminal,0.65,46,0.315821008589013,"terminal: вход от 1, выход к 0; отдаёт 0.0%; оборот 30500 KZT; нет выхода в выборке"
100000002628576100,peripheral,0.4,10,0.390998077929806,"peripheral: вход от 2, выход к 2; отдаёт 74.1%; оборот 1266882 KZT"
100000002632742100,terminal,0.65,47,0.40555750288457987,"terminal: вход от 2, выход к 0; отдаёт 0.0%; оборот 235500 KZT; нет выхода в выборке"
100000002633108100,terminal,0.65,43,0.34206907982692975,"terminal: вход от 1, выход к 0; отдаёт 0.0%; оборот 320000 KZT; нет выхода в выборке"
100000002633701100,terminal,0.65,4,0.34773022652446817,"terminal: вход от 1, выход к 0; отдаёт 0.0%; оборот 266850 KZT; нет выхода в выборке"
100000002635746100,terminal,0.25,51,0.2234430107682922,"terminal: вход от 1, выход к 0; отдаёт 0.0%; оборот 5300 KZT; возможен артефакт обрыва графа на 4 колене"
100000002635780100,terminal,0.65,1,0.3404782031481688,"terminal: вход от 1, выход к 0; отдаёт 0.0%; оборот 163000 KZT; нет выхода в выборке"
100000002644285100,terminal,0.65,23,0.36495193595989506,"terminal: вход от 1, выход к 0; отдаёт 0.0%; оборот 500000 KZT; нет выхода в выборке"
100000002645046100,terminal,0.25,51,0.23546406936202469,"terminal: вход от 1, выход к 0; отдаёт 0.0%; оборот 12000 KZT; возможен артефакт обрыва графа на 4 колене"
100000002645609100,terminal,0.65,0,0.4819000450677539,"terminal: вход от 4, выход к 0; отдаёт 0.0%; оборот 546821 KZT; нет выхода в выборке"
100000002645993100,distributor,0.7847378707748908,0,0.46966890057990873,"distributor: вход от 2, выход к 5; отдаёт 175.2%; оборот 136630 KZT; рядом с входом ≤24ч: 89.8%"
100000002646745100,terminal,0.65,33,0.29412805795655667,"terminal: вход от 1, выход к 0; отдаёт 0.0%; оборот 12300 KZT; нет выхода в выборке"
100000002646887100,terminal,0.65,47,0.3041771569576301,"terminal: вход от 1, выход к 0; отдаёт 0.0%; оборот 24354 KZT; нет выхода в выборке"
100000002648315100,peripheral,0.4,1,0.3502681647168813,"peripheral: вход от 1, выход к 2; отдаёт 57.6%; оборот 208000 KZT"
100000002653187100,terminal,0.25,7,0.2387467023707469,"terminal: вход от 1, выход к 0; отдаёт 0.0%; оборот 15000 KZT; возможен артефакт обрыва графа на 4 колене"
100000002653948100,terminal,0.65,10,0.3504948814420218,"terminal: вход от 1, выход к 0; отдаёт 0.0%; оборот 85200 KZT; нет выхода в выборке"
100000002659103100,terminal,0.25,56,0.2740235413857621,"terminal: вход от 1, выход к 0; отдаёт 0.0%; оборот 165000 KZT; возможен артефакт обрыва графа на 4 колене"
100000002659265100,terminal,0.25,47,0.27171104911674127,"terminal: вход от 1, выход к 0; отдаёт 0.0%; оборот 141000 KZT; возможен артефакт обрыва графа на 4 колене"
100000002660298100,terminal,0.25,17,0.2656957329006096,"terminal: вход от 1, выход к 0; отдаёт 0.0%; оборот 30900 KZT; возможен артефакт обрыва графа на 4 колене"
100000002662768100,terminal,0.65,2,0.34744435408721536,"terminal: вход от 1, выход к 0; отдаёт 0.0%; оборот 84300 KZT; нет выхода в выборке"
100000002663511100,terminal,0.65,0,0.33951166961464857,"terminal: вход от 1, выход к 0; отдаёт 0.0%; оборот 268940 KZT; нет выхода в выборке"
100000002666248100,terminal,0.65,2,0.38159060935871875,"terminal: вход от 1, выход к 0; отдаёт 0.0%; оборот 70032 KZT; нет выхода в выборке"
100000002670463100,terminal,0.25,51,0.2496615384848634,"terminal: вход от 1, выход к 0; отдаёт 0.0%; оборот 31500 KZT; возможен артефакт обрыва графа на 4 колене"
100000002670860100,terminal,0.65,23,0.4400840043290222,"terminal: вход от 2, выход к 0; отдаёт 0.0%; оборот 450000 KZT; нет выхода в выборке"
100000002670960100,terminal,0.65,23,0.3643608641690313,"terminal: вход от 1, выход к 0; отдаёт 0.0%; оборот 480310 KZT; нет выхода в выборке"
100000002671326100,terminal,0.25,47,0.30124941222692164,"terminal: вход от 1, выход к 0; отдаёт 0.0%; оборот 1050000 KZT; возможен артефакт обрыва графа на 4 колене"
100000002671806100,terminal,0.65,7,0.3192945518433124,"terminal: вход от 1, выход к 0; отдаёт 0.0%; оборот 12440 KZT; нет выхода в выборке"
100000002677201100,peripheral,0.4,47,0.31188744388550993,"peripheral: вход от 1, выход к 1; отдаёт 58.5%; оборот 237750 KZT"
100000002679516100,terminal,0.65,7,0.45573063850397233,"terminal: вход от 3, выход к 0; отдаёт 0.0%; оборот 102335 KZT; нет выхода в выборке"
100000002680477100,terminal,0.65,23,0.31289562954758837,"terminal: вход от 1, выход к 0; отдаёт 0.0%; оборот 25000 KZT; нет выхода в выборке"
100000002681449100,peripheral,0.4,55,0.349564933496441,"peripheral: вход от 2, выход к 2; отдаёт 140.5%; оборот 227638 KZT"
100000002681544100,terminal,0.65,1,0.37252450278647453,"terminal: вход от 2, выход к 0; отдаёт 0.0%; оборот 166072 KZT; нет выхода в выборке"
100000002686226100,terminal,0.25,27,0.28811518281735055,"terminal: вход от 1, выход к 0; отдаёт 0.0%; оборот 430000 KZT; возможен артефакт обрыва графа на 4 колене"
100000002689717100,terminal,0.25,17,0.27202131828381576,"terminal: вход от 1, выход к 0; отдаёт 0.0%; оборот 47500 KZT; возможен артефакт обрыва графа на 4 колене"
100000002691583100,terminal,0.65,14,0.3403752933803798,"terminal: вход от 1, выход к 0; отдаёт 0.0%; оборот 285200 KZT; нет выхода в выборке"
100000002691858100,terminal,0.65,46,0.3235277456295973,"terminal: вход от 1, выход к 0; отдаёт 0.0%; оборот 51500 KZT; нет выхода в выборке"
100000002692044100,terminal,0.65,7,0.34950884703226365,"terminal: вход от 1, выход к 0; отдаёт 0.0%; оборот 97000 KZT; нет выхода в выборке"
100000002692750100,peripheral,0.4,44,0.3786351536552589,"peripheral: вход от 3, выход к 1; отдаёт 68.2%; оборот 189830 KZT"
100000002695812100,terminal,0.25,17,0.282218714497056,"terminal: вход от 1, выход к 0; отдаёт 0.0%; оборот 95000 KZT; возможен артефакт обрыва графа на 4 колене"
100000002696152100,peripheral,0.4,59,0.3156875986377247,"peripheral: вход от 1, выход к 2; отдаёт 316.5%; оборот 90800 KZT"
100000002697752100,terminal,0.65,8,0.39088253421264696,"terminal: вход от 2, выход к 0; отдаёт 0.0%; оборот 190785 KZT; нет выхода в выборке"
100000002700161100,terminal,0.25,52,0.25280354151469653,"terminal: вход от 1, выход к 0; отдаёт 0.0%; оборот 39000 KZT; возможен артефакт обрыва графа на 4 колене"
100000002702968100,terminal,0.25,17,0.26602528395715386,"terminal: вход от 1, выход к 0; отдаёт 0.0%; оборот 31600 KZT; возможен артефакт обрыва графа на 4 колене"
100000002703376100,terminal,0.65,0,0.33834268435175235,"terminal: вход от 1, выход к 0; отдаёт 0.0%; оборот 46501 KZT; нет выхода в выборке"
100000002704875100,terminal,0.65,8,0.47590480025798343,"terminal: вход от 3, выход к 0; отдаёт 0.0%; оборот 244891 KZT; нет выхода в выборке"
100000002705460100,terminal,0.65,5,0.3242023400478994,"terminal: вход от 1, выход к 0; отдаёт 0.0%; оборот 95000 KZT; нет выхода в выборке"
100000002706810100,terminal,0.25,51,0.2549087845857551,"terminal: вход от 1, выход к 0; отдаёт 0.0%; оборот 45000 KZT; возможен артефакт обрыва графа на 4 колене"
100000002707106100,terminal,0.25,43,0.2387467023707469,"terminal: вход от 1, выход к 0; отдаёт 0.0%; оборот 15000 KZT; возможен артефакт обрыва графа на 4 колене"
100000002708624100,terminal,0.65,13,0.304562296214255,"terminal: вход от 1, выход к 0; отдаёт 0.0%; оборот 25000 KZT; нет выхода в выборке"
100000002710570100,terminal,0.65,39,0.3615386756334842,"terminal: вход от 1, выход к 0; отдаёт 0.0%; оборот 225015 KZT; нет выхода в выборке"
100000002712416100,terminal,0.65,23,0.4042207958123854,"terminal: вход от 2, выход к 0; отдаёт 0.0%; оборот 116800 KZT; нет выхода в выборке"
100000002713074100,peripheral,0.4,27,0.356210611426662,"peripheral: вход от 2, выход к 1; отдаёт 61.4%; оборот 1130000 KZT"
100000002713974100,terminal,0.25,8,0.25645881120194386,"terminal: вход от 1, выход к 0; отдаёт 0.0%; оборот 50000 KZT; возможен артефакт обрыва графа на 4 колене"
100000002718366100,consolidator,0.8,47,0.6347909067473745,"consolidator: вход от 6, выход к 0; отдаёт 0.0%; оборот 2525000 KZT"
100000002720627100,terminal,0.65,11,0.4043142634871699,"terminal: вход от 1, выход к 0; отдаёт 0.0%; оборот 199300 KZT; нет выхода в выборке"
100000002721825100,terminal,0.65,0,0.3008181484140173,"terminal: вход от 1, выход к 0; отдаёт 0.0%; оборот 11000 KZT; нет выхода в выборке"
100000002722108100,terminal,0.65,23,0.37186659780983294,"terminal: вход от 1, выход к 0; отдаёт 0.0%; оборот 800000 KZT; нет выхода в выборке"
100000002723439100,terminal,0.25,59,0.24142884570213025,"terminal: вход от 1, выход к 0; отдаёт 0.0%; оборот 18000 KZT; возможен артефакт обрыва графа на 4 колене"
100000002723538100,distributor,0.7266459886636729,8,0.528854639238862,"distributor: вход от 3, выход к 12; отдаёт 530.5%; оборот 666146 KZT; рядом с входом ≤24ч: 51.1%"
100000002723674100,terminal,0.25,32,0.24894376307021376,"terminal: вход от 1, выход к 0; отдаёт 0.0%; оборот 30000 KZT; возможен артефакт обрыва графа на 4 колене"
100000002726055100,terminal,0.25,32,0.23278200775124674,"terminal: вход от 1, выход к 0; отдаёт 0.0%; оборот 10000 KZT; возможен артефакт обрыва графа на 4 колене"
100000002727288100,terminal,0.65,3,0.3258911654022096,"terminal: вход от 1, выход к 0; отдаёт 0.0%; оборот 16000 KZT; нет выхода в выборке"
100000002728246100,terminal,0.25,10,0.26067630231635974,"terminal: вход от 1, выход к 0; отдаёт 0.0%; оборот 10000 KZT; возможен артефакт обрыва графа на 4 колене"
100000002729875100,terminal,0.25,17,0.27893587502266576,"terminal: вход от 1, выход к 0; отдаёт 0.0%; оборот 76000 KZT; возможен артефакт обрыва графа на 4 колене"
100000002731501100,distributor,0.6760803875485635,66,0.5129910820750919,"distributor: вход от 3, выход к 7; отдаёт 146.2%; оборот 1404330 KZT; рядом с входом ≤24ч: 17.4%"
100000002733083100,terminal,0.25,17,0.2552586689690013,"terminal: вход от 1, выход к 0; отдаёт 0.0%; оборот 15200 KZT; возможен артефакт обрыва графа на 4 колене"
100000002733905100,peripheral,0.4,29,0.36125086649587174,"peripheral: вход от 3, выход к 2; отдаёт 717.8%; оборот 817839 KZT"
100000002734815100,terminal,0.25,47,0.2680584009899278,"terminal: вход от 1, выход к 0; отдаёт 0.0%; оборот 110000 KZT; возможен артефакт обрыва графа на 4 колене"
100000002736033100,peripheral,0.4,27,0.2961771681834291,"peripheral: вход от 1, выход к 1; отдаёт 31.9%; оборот 45530 KZT"
100000002736316100,terminal,0.65,0,0.4358549598673951,"terminal: вход от 3, выход к 0; отдаёт 0.0%; оборот 266921 KZT; нет выхода в выборке"
100000002737980100,terminal,0.65,5,0.3249191278406336,"terminal: вход от 1, выход к 0; отдаёт 0.0%; оборот 32900 KZT; нет выхода в выборке"
100000002738256100,transit,0.8,67,0.40142404162957884,"transit: вход от 1, выход к 1; отдаёт 116.5%; оборот 325200 KZT; рядом с входом ≤24ч: 100.0%"
100000002741024100,peripheral,0.4,0,0.4707747588245703,"peripheral: вход от 5, выход к 6; отдаёт 53.2%; оборот 1252970 KZT"
100000002742067100,terminal,0.65,3,0.33086117991014496,"terminal: вход от 1, выход к 0; отдаёт 0.0%; оборот 12730 KZT; нет выхода в выборке"
100000002744581100,terminal,0.65,1,0.3020981445508625,"terminal: вход от 1, выход к 0; отдаёт 0.0%; оборот 12000 KZT; нет выхода в выборке"
100000002748040100,terminal,0.25,17,0.2577459620067913,"terminal: вход от 1, выход к 0; отдаёт 0.0%; оборот 18000 KZT; возможен артефакт обрыва графа на 4 колене"
100000002748180100,distributor,0.6897208945145444,23,0.49958912958259233,"distributor: вход от 1, выход к 8; отдаёт 6866.1%; оборот 689643 KZT; рядом с входом ≤24ч: 26.5%"
100000002748511100,terminal,0.25,5,0.24297882328208775,"terminal: вход от 1, выход к 0; отдаёт 0.0%; оборот 20000 KZT; возможен артефакт обрыва графа на 4 колене"
100000002748532100,peripheral,0.4,38,0.401116750481485,"peripheral: вход от 3, выход к 2; отдаёт 181.9%; оборот 1002260 KZT"
100000002748581100,terminal,0.65,43,0.3119044622354046,"terminal: вход от 1, выход к 0; отдаёт 0.0%; оборот 41180 KZT; нет выхода в выборке"
100000002748761100,terminal,0.65,23,0.3718076320477857,"terminal: вход от 1, выход к 0; отдаёт 0.0%; оборот 796800 KZT; нет выхода в выборке"
100000002750332100,terminal,0.65,4,0.31795854389818523,"terminal: вход от 1, выход к 0; отдаёт 0.0%; оборот 11360 KZT; нет выхода в выборке"
100000002750956100,terminal,0.65,0,0.3389789044183818,"terminal: вход от 1, выход к 0; отдаёт 0.0%; оборот 47416 KZT; нет выхода в выборке"
100000002752565100,terminal,0.25,8,0.27470357345148855,"terminal: вход от 1, выход к 0; отдаёт 0.0%; оборот 57000 KZT; возможен артефакт обрыва графа на 4 колене"
100000002753146100,terminal,0.65,23,0.37193155452456883,"terminal: вход от 1, выход к 0; отдаёт 0.0%; оборот 803540 KZT; нет выхода в выборке"
100000002755292100,terminal,0.65,10,0.363296729034041,"terminal: вход от 1, выход к 0; отдаёт 0.0%; оборот 203400 KZT; нет выхода в выборке"
100000002757240100,terminal,0.65,2,0.35133120501951387,"terminal: вход от 1, выход к 0; отдаёт 0.0%; оборот 51183 KZT; нет выхода в выборке"
100000002757791100,terminal,0.65,44,0.3203370737771514,"terminal: вход от 1, выход к 0; отдаёт 0.0%; оборот 73050 KZT; нет выхода в выборке"
100000002757797100,terminal,0.65,7,0.3499569570135851,"terminal: вход от 1, выход к 0; отдаёт 0.0%; оборот 100000 KZT; нет выхода в выборке"
100000002760175100,terminal,0.65,11,0.40340929899814437,"terminal: вход от 1, выход к 0; отдаёт 0.0%; оборот 187410 KZT; нет выхода в выборке"
100000002762076100,peripheral,0.4,1,0.39019659062624396,"peripheral: вход от 2, выход к 1; отдаёт 21.4%; оборот 170350 KZT"
100000002769809100,terminal,0.65,48,0.32680983974373323,"terminal: вход от 1, выход к 0; отдаёт 0.0%; оборот 113422 KZT; нет выхода в выборке"
100000002773323100,peripheral,0.4,47,0.36809370459379565,"peripheral: вход от 2, выход к 1; отдаёт 411.1%; оборот 1456644 KZT"
100000002774456100,terminal,0.65,11,0.38407738476011116,"terminal: вход от 1, выход к 0; отдаёт 0.0%; оборот 50363 KZT; нет выхода в выборке"
100000002778085100,terminal,0.65,5,0.3602073953727827,"terminal: вход от 1, выход к 0; отдаёт 0.0%; оборот 66208 KZT; нет выхода в выборке"
100000002779485100,terminal,0.65,8,0.331902810296112,"terminal: вход от 1, выход к 0; отдаёт 0.0%; оборот 91000 KZT; нет выхода в выборке"
100000002781227100,transit,0.7481545993785896,68,0.45130546244899217,"transit: вход от 2, выход к 3; отдаёт 111.1%; оборот 403588 KZT; рядом с входом ≤24ч: 65.4%"
100000002784085100,terminal,0.65,4,0.36015443452784857,"terminal: вход от 1, выход к 0; отдаёт 0.0%; оборот 200000 KZT; нет выхода в выборке"
100000002791494100,terminal,0.25,17,0.28073048670728107,"terminal: вход от 1, выход к 0; отдаёт 0.0%; оборот 85860 KZT; возможен артефакт обрыва графа на 4 колене"
100000002793851100,terminal,0.65,5,0.33387130865464565,"terminal: вход от 1, выход к 0; отдаёт 0.0%; оборот 11052 KZT; нет выхода в выборке"
100000002793881100,terminal,0.65,47,0.46071636425090046,"terminal: вход от 3, выход к 0; отдаёт 0.0%; оборот 785600 KZT; нет выхода в выборке"
100000002794197100,terminal,0.65,1,0.33229346159916984,"terminal: вход от 1, выход к 0; отдаёт 0.0%; оборот 30100 KZT; нет выхода в выборке"
100000002794374100,terminal,0.25,69,0.2681915405702891,"terminal: вход от 1, выход к 0; отдаёт 0.0%; оборот 111000 KZT; возможен артефакт обрыва графа на 4 колене"
100000002796853100,peripheral,0.4,68,0.3320749860753186,"peripheral: вход от 1, выход к 1; отдаёт 23.2%; оборот 245168 KZT"
100000002799941100,terminal,0.65,48,0.3513171215388337,"terminal: вход от 1, выход к 0; отдаёт 0.0%; оборот 600000 KZT; нет выхода в выборке"
100000002807334100,terminal,0.65,10,0.3439795885884658,"terminal: вход от 1, выход к 0; отдаёт 0.0%; оборот 54715 KZT; нет выхода в выборке"
100000002809568100,terminal,0.65,0,0.3160827496067512,"terminal: вход от 1, выход к 0; отдаёт 0.0%; оборот 10000 KZT; нет выхода в выборке"
100000002809896100,terminal,0.65,17,0.3107221430745682,"terminal: вход от 1, выход к 0; отдаёт 0.0%; оборот 38000 KZT; нет выхода в выборке"
100000002810870100,terminal,0.65,36,0.3339454143837465,"terminal: вход от 1, выход к 0; отдаёт 0.0%; оборот 33677 KZT; нет выхода в выборке"
100000002812641100,peripheral,0.4,4,0.3055344060295221,"peripheral: вход от 1, выход к 1; отдаёт 70.2%; оборот 17024 KZT"
100000002815005100,terminal,0.65,47,0.3642436983098987,"terminal: вход от 1, выход к 0; отдаёт 0.0%; оборот 476500 KZT; нет выхода в выборке"
100000002818726100,terminal,0.65,12,0.32021639634514043,"terminal: вход от 1, выход к 0; отдаёт 0.0%; оборот 10879 KZT; нет выхода в выборке"
100000002820010100,terminal,0.65,44,0.31557783825905156,"terminal: вход от 1, выход к 0; отдаёт 0.0%; оборот 30000 KZT; нет выхода в выборке"
100000002821425100,terminal,0.65,23,0.3561566081666693,"terminal: вход от 1, выход к 0; отдаёт 0.0%; оборот 275000 KZT; нет выхода в выборке"
100000002822472100,terminal,0.65,23,0.40738907535032404,"terminal: вход от 2, выход к 0; отдаёт 0.0%; оборот 266722 KZT; нет выхода в выборке"
100000002824176100,terminal,0.65,44,0.3716386419405793,"terminal: вход от 1, выход к 0; отдаёт 0.0%; оборот 144000 KZT; нет выхода в выборке"
100000002826669100,terminal,0.65,0,0.368090004836681,"terminal: вход от 1, выход к 0; отдаёт 0.0%; оборот 159900 KZT; нет выхода в выборке"
100000002830055100,terminal,0.65,36,0.32103249416367946,"terminal: вход от 1, выход к 0; отдаёт 0.0%; оборот 14000 KZT; нет выхода в выборке"
100000002831727100,peripheral,0.4,48,0.291333529417675,"peripheral: вход от 1, выход к 1; отдаёт 1283.3%; оборот 83000 KZT"
100000002832753100,terminal,0.25,3,0.236064591728205,"terminal: вход от 1, выход к 0; отдаёт 0.0%; оборот 12500 KZT; возможен артефакт обрыва графа на 4 колене"
100000002835874100,terminal,0.25,47,0.2751359277030752,"terminal: вход от 1, выход к 0; отдаёт 0.0%; оборот 58700 KZT; возможен артефакт обрыва графа на 4 колене"
100000002836052100,terminal,0.65,2,0.3659093047340198,"terminal: вход от 1, выход к 0; отдаёт 0.0%; оборот 15000 KZT; нет выхода в выборке"
100000002836736100,terminal,0.65,44,0.44189651994519824,"terminal: вход от 2, выход к 0; отдаёт 0.0%; оборот 509000 KZT; нет выхода в выборке"
100000002838519100,terminal,0.65,43,0.3138179288840869,"terminal: вход от 1, выход к 0; отдаёт 0.0%; оборот 46900 KZT; нет выхода в выборке"
100000002838861100,consolidator,0.8,4,0.6133925568571335,"consolidator: вход от 5, выход к 1; отдаёт 1.8%; оборот 564524 KZT"
100000002842321100,terminal,0.65,10,0.3597658692931972,"terminal: вход от 1, выход к 0; отдаёт 0.0%; оборот 160000 KZT; нет выхода в выборке"
100000002842337100,terminal,0.65,1,0.32309288639078165,"terminal: вход от 1, выход к 0; отдаёт 0.0%; оборот 50000 KZT; нет выхода в выборке"
100000002844652100,terminal,0.65,1,0.3427715532006712,"terminal: вход от 1, выход к 0; отдаёт 0.0%; оборот 61360 KZT; нет выхода в выборке"
100000002844897100,terminal,0.65,4,0.31721488811863097,"terminal: вход от 1, выход к 0; отдаёт 0.0%; оборот 10800 KZT; нет выхода в выборке"
100000002845605100,terminal,0.65,0,0.341832818626514,"terminal: вход от 1, выход к 0; отдаёт 0.0%; оборот 57567 KZT; нет выхода в выборке"
100000002847207100,terminal,0.65,2,0.37548463499592694,"terminal: вход от 1, выход к 0; отдаёт 0.0%; оборот 46243 KZT; нет выхода в выборке"
100000002849158100,peripheral,0.4,47,0.38469285710716405,"peripheral: вход от 3, выход к 1; отдаёт 181.6%; оборот 2036000 KZT"
100000002852402100,terminal,0.65,3,0.32449505884850605,"terminal: вход от 1, выход к 0; отдаёт 0.0%; оборот 55000 KZT; нет выхода в выборке"
100000002858835100,terminal,0.65,36,0.3292049176514317,"terminal: вход от 1, выход к 0; отдаёт 0.0%; оборот 24400 KZT; нет выхода в выборке"
100000002860934100,terminal,0.25,15,0.2817775417766868,"terminal: вход от 1, выход к 0; отдаёт 0.0%; оборот 279500 KZT; возможен артефакт обрыва графа на 4 колене"
100000002861485100,terminal,0.65,5,0.34822582934346147,"terminal: вход от 1, выход к 0; отдаёт 0.0%; оборот 29323 KZT; нет выхода в выборке"
100000002862113100,terminal,0.65,43,0.3139754910794088,"terminal: вход от 1, выход к 0; отдаёт 0.0%; оборот 47405 KZT; нет выхода в выборке"
100000002863356100,peripheral,0.4,29,0.30568204824872275,"peripheral: вход от 1, выход к 1; отдаёт 44.4%; оборот 65000 KZT"
100000002864256100,terminal,0.65,2,0.39133105338071755,"terminal: вход от 1, выход к 0; отдаёт 0.0%; оборот 135780 KZT; нет выхода в выборке"
100000002864680100,terminal,0.65,7,0.34140893315117793,"terminal: вход от 1, выход к 0; отдаёт 0.0%; оборот 55932 KZT; нет выхода в выборке"
100000002870463100,peripheral,0.4,44,0.409991921539914,"peripheral: вход от 3, выход к 1; отдаёт 4.8%; оборот 217000 KZT"
100000002870937100,terminal,0.65,1,0.3473392694888456,"terminal: вход от 1, выход к 0; отдаёт 0.0%; оборот 83700 KZT; нет выхода в выборке"
100000002871199100,terminal,0.65,43,0.30345413211765954,"terminal: вход от 1, выход к 0; отдаёт 0.0%; оборот 23186 KZT; нет выхода в выборке"
100000002872399100,terminal,0.65,1,0.360100197308603,"terminal: вход от 1, выход к 0; отдаёт 0.0%; оборот 1090000 KZT; нет выхода в выборке"
100000002876914100,terminal,0.25,51,0.23546406936202469,"terminal: вход от 1, выход к 0; отдаёт 0.0%; оборот 12000 KZT; возможен артефакт обрыва графа на 4 колене"
100000002877262100,terminal,0.65,47,0.352851251578698,"terminal: вход от 1, выход к 0; отдаёт 0.0%; оборот 100000 KZT; нет выхода в выборке"
100000002878467100,terminal,0.65,47,0.3915764969806031,"terminal: вход от 2, выход к 0; отдаёт 0.0%; оборот 200000 KZT; нет выхода в выборке"
100000002878483100,terminal,0.25,51,0.225267744131665,"terminal: вход от 1, выход к 0; отдаёт 0.0%; оборот 6000 KZT; возможен артефакт обрыва графа на 4 колене"
100000002881669100,terminal,0.65,7,0.325211963636083,"terminal: вход от 1, выход к 0; отдаёт 0.0%; оборот 18600 KZT; нет выхода в выборке"
100000002883402100,terminal,0.65,47,0.44655370493710045,"terminal: вход от 3, выход к 0; отдаёт 0.0%; оборот 300000 KZT; нет выхода в выборке"
100000002884708100,terminal,0.25,47,0.30286210198221225,"terminal: вход от 1, выход к 0; отдаёт 0.0%; оборот 1171644 KZT; возможен артефакт обрыва графа на 4 колене"
100000002886166100,terminal,0.65,37,0.3340074736960342,"terminal: вход от 1, выход к 0; отдаёт 0.0%; оборот 185000 KZT; нет выхода в выборке"
100000002890167100,terminal,0.65,5,0.36872778167739195,"terminal: вход от 1, выход к 0; отдаёт 0.0%; оборот 118150 KZT; нет выхода в выборке"
100000002891765100,terminal,0.65,43,0.3163149958494251,"terminal: вход от 1, выход к 0; отдаёт 0.0%; оборот 55576 KZT; нет выхода в выборке"
100000002893020100,terminal,0.65,17,0.3000048729634476,"terminal: вход от 1, выход к 0; отдаёт 0.0%; оборот 18340 KZT; нет выхода в выборке"
100000002894076100,terminal,0.65,1,0.5319559311899893,"terminal: вход от 4, выход к 0; отдаёт 0.0%; оборот 1122782 KZT; нет выхода в выборке"
100000002896506100,terminal,0.25,10,0.2828030791508681,"terminal: вход от 1, выход к 0; отдаёт 0.0%; оборот 45000 KZT; возможен артефакт обрыва графа на 4 колене"
100000002901457100,peripheral,0.4,0,0.3721948997149459,"peripheral: вход от 1, выход к 3; отдаёт 35.0%; оборот 459000 KZT"
100000002904919100,peripheral,0.4,0,0.30894520142149545,"peripheral: вход от 1, выход к 1; отдаёт 9.1%; оборот 65825 KZT"
100000002906470100,terminal,0.65,48,0.3288168146732578,"terminal: вход от 1, выход к 0; отдаёт 0.0%; оборот 130000 KZT; нет выхода в выборке"
100000002908521100,terminal,0.65,33,0.3130451490037452,"terminal: вход от 1, выход к 0; отдаёт 0.0%; оборот 44500 KZT; нет выхода в выборке"
100000002911170100,terminal,0.65,34,0.3773472228836523,"terminal: вход от 1, выход к 0; отдаёт 0.0%; оборот 300000 KZT; нет выхода в выборке"
100000002913340100,terminal,0.65,33,0.30371449412925666,"terminal: вход от 1, выход к 0; отдаёт 0.0%; оборот 23600 KZT; нет выхода в выборке"
100000002914245100,terminal,0.65,8,0.32997114686373435,"terminal: вход от 1, выход к 0; отдаёт 0.0%; оборот 140611 KZT; нет выхода в выборке"
100000002916006100,peripheral,0.4,54,0.2948739257628861,"peripheral: вход от 0, выход к 1; отдаёт н/д (вход=0); оборот 32000 KZT; вход seed неполон"
100000002921047100,peripheral,0.4,1,0.4038984083383565,"peripheral: вход от 2, выход к 1; отдаёт 48.2%; оборот 501000 KZT"
100000002922000100,terminal,0.25,56,0.2887184896982976,"terminal: вход от 1, выход к 0; отдаёт 0.0%; оборот 448000 KZT; возможен артефакт обрыва графа на 4 колене"
100000002926970100,terminal,0.65,17,0.32256601157665526,"terminal: вход от 1, выход к 0; отдаёт 0.0%; оборот 85000 KZT; нет выхода в выборке"
100000002933386100,peripheral,0.4,2,0.2811114822436397,"peripheral: вход от 1, выход к 1; отдаёт 386.7%; оборот 73000 KZT"
100000002934441100,terminal,0.65,0,0.38275264657613467,"terminal: вход от 2, выход к 0; отдаёт 0.0%; оборот 60846 KZT; нет выхода в выборке"
100000002936322100,terminal,0.65,8,0.4117329972812167,"terminal: вход от 2, выход к 0; отдаёт 0.0%; оборот 787133 KZT; нет выхода в выборке"
100000002938501100,peripheral,0.4,5,0.3105468852145916,"peripheral: вход от 1, выход к 1; отдаёт 59.6%; оборот 13395 KZT"
100000002939838100,terminal,0.65,5,0.49456903683732556,"terminal: вход от 3, выход к 0; отдаёт 0.0%; оборот 571233 KZT; нет выхода в выборке"
100000002941114100,peripheral,0.4,11,0.4205359698842259,"peripheral: вход от 2, выход к 1; отдаёт 11.7%; оборот 143510 KZT"
100000002943472100,terminal,0.65,47,0.36065777067510574,"terminal: вход от 1, выход к 0; отдаёт 0.0%; оборот 170000 KZT; нет выхода в выборке"
100000002945031100,terminal,0.65,12,0.32494173879136434,"terminal: вход от 1, выход к 0; отдаёт 0.0%; оборот 15000 KZT; нет выхода в выборке"
100000002945626100,terminal,0.65,47,0.4563535875137865,"terminal: вход от 3, выход к 0; отдаёт 0.0%; оборот 584000 KZT; нет выхода в выборке"
100000002947299100,terminal,0.65,2,0.35879363947510157,"terminal: вход от 1, выход к 0; отдаёт 0.0%; оборот 85000 KZT; нет выхода в выборке"
100000002948492100,terminal,0.65,43,0.30375184836123986,"terminal: вход от 1, выход к 0; отдаёт 0.0%; оборот 23660 KZT; нет выхода в выборке"
100000002951898100,terminal,0.65,43,0.3114730700690231,"terminal: вход от 1, выход к 0; отдаёт 0.0%; оборот 39990 KZT; нет выхода в выборке"
100000002952631100,terminal,0.65,5,0.35549142687919755,"terminal: вход от 1, выход к 0; отдаёт 0.0%; оборот 48050 KZT; нет выхода в выборке"
100000002952756100,terminal,0.65,11,0.31384926359884174,"terminal: вход от 1, выход к 0; отдаёт 0.0%; оборот 47000 KZT; нет выхода в выборке"
100000002954780100,terminal,0.65,47,0.3291966404149849,"terminal: вход от 1, выход к 0; отдаёт 0.0%; оборот 133400 KZT; нет выхода в выборке"
100000002956769100,terminal,0.65,23,0.4527214322399834,"terminal: вход от 3, выход к 0; отдаёт 0.0%; оборот 840000 KZT; нет выхода в выборке"
100000002956779100,terminal,0.65,2,0.3457510636080157,"terminal: вход от 1, выход к 0; отдаёт 0.0%; оборот 411000 KZT; нет выхода в выборке"
100000002956898100,terminal,0.65,3,0.41696558290877034,"terminal: вход от 2, выход к 0; отдаёт 0.0%; оборот 290240 KZT; нет выхода в выборке"
100000002957306100,terminal,0.65,11,0.4709297795563664,"terminal: вход от 2, выход к 0; отдаёт 0.0%; оборот 398490 KZT; нет выхода в выборке"
100000002957787100,distributor,0.7576289368721624,0,0.611179137478852,"distributor: вход от 4, выход к 34; отдаёт 1502.1%; оборот 1361110 KZT; рядом с входом ≤24ч: 71.8%"
100000002958139100,terminal,0.65,47,0.35215427602868377,"terminal: вход от 1, выход к 0; отдаёт 0.0%; оборот 209500 KZT; нет выхода в выборке"
100000002958286100,terminal,0.65,4,0.36384356953505653,"terminal: вход от 1, выход к 0; отдаёт 0.0%; оборот 257000 KZT; нет выхода в выборке"
100000002958343100,peripheral,0.4,1,0.3812425416412346,"peripheral: вход от 1, выход к 2; отдаёт 47.9%; оборот 4290000 KZT"
100000002958345100,terminal,0.65,23,0.35777604546055836,"terminal: вход от 1, выход к 0; отдаёт 0.0%; оборот 307000 KZT; нет выхода в выборке"
100000002963189100,distributor,0.65,43,0.4942150387848068,"distributor: вход от 1, выход к 7; отдаёт 1065.1%; оборот 5709000 KZT; рядом с входом ≤24ч: 0.0%"
100000002964966100,terminal,0.65,2,0.35980488416584294,"terminal: вход от 1, выход к 0; отдаёт 0.0%; оборот 200000 KZT; нет выхода в выборке"
100000002968096100,terminal,0.25,8,0.2893031865626884,"terminal: вход от 1, выход к 0; отдаёт 0.0%; оборот 70000 KZT; возможен артефакт обрыва графа на 4 колене"
100000002969048100,terminal,0.65,44,0.33448641168324544,"terminal: вход от 1, выход к 0; отдаёт 0.0%; оборот 108470 KZT; нет выхода в выборке"
100000002970466100,peripheral,0.4,0,0.31933112527855984,"peripheral: вход от 1, выход к 2; отдаёт 398.9%; оборот 116317 KZT"
100000002971593100,terminal,0.25,10,0.28407089466358504,"terminal: вход от 1, выход к 0; отдаёт 0.0%; оборот 49050 KZT; возможен артефакт обрыва графа на 4 колене"
100000002973903100,terminal,0.65,7,0.45430442594979514,"terminal: вход от 3, выход к 0; отдаёт 0.0%; оборот 92880 KZT; нет выхода в выборке"
100000002974256100,terminal,0.65,7,0.2945837175050498,"terminal: вход от 1, выход к 0; отдаёт 0.0%; оборот 7200 KZT; нет выхода в выборке"
100000002975287100,terminal,0.65,27,0.29704744422625134,"terminal: вход от 1, выход к 0; отдаёт 0.0%; оборот 15000 KZT; нет выхода в выборке"
100000002975437100,peripheral,0.4,39,0.3422933342720893,"peripheral: вход от 1, выход к 1; отдаёт 1.6%; оборот 538500 KZT"
100000002981489100,terminal,0.25,10,0.26067630231635974,"terminal: вход от 1, выход к 0; отдаёт 0.0%; оборот 10000 KZT; возможен артефакт обрыва графа на 4 колене"
100000002981527100,terminal,0.65,4,0.3575893691157539,"terminal: вход от 1, выход к 0; отдаёт 0.0%; оборот 168000 KZT; нет выхода в выборке"
100000002982252100,terminal,0.65,36,0.3265130815740703,"terminal: вход от 1, выход к 0; отдаёт 0.0%; оборот 20320 KZT; нет выхода в выборке"
100000002983426100,terminal,0.65,17,0.3232334404105551,"terminal: вход от 1, выход к 0; отдаёт 0.0%; оборот 88945 KZT; нет выхода в выборке"
100000002983879100,terminal,0.65,2,0.4204706431929955,"terminal: вход от 2, выход к 0; отдаёт 0.0%; оборот 200050 KZT; нет выхода в выборке"
100000002984403100,peripheral,0.4,13,0.27399400800290413,"peripheral: вход от 1, выход к 1; отдаёт 125.0%; оборот 45000 KZT"
100000002986245100,terminal,0.25,51,0.22464171553174028,"terminal: вход от 1, выход к 0; отдаёт 0.0%; оборот 5750 KZT; возможен артефакт обрыва графа на 4 колене"
100000002988894100,peripheral,0.4,2,0.4182405379407617,"peripheral: вход от 1, выход к 3; отдаёт 25.3%; оборот 383621 KZT"
100000002989353100,peripheral,0.4,23,0.3596373752189363,"peripheral: вход от 1, выход к 2; отдаёт 64.2%; оборот 821160 KZT"
100000002990675100,terminal,0.65,10,0.34298636988248077,"terminal: вход от 1, выход к 0; отдаёт 0.0%; оборот 51143 KZT; нет выхода в выборке"
100000002991079100,peripheral,0.4,5,0.39642626315341356,"peripheral: вход от 2, выход к 1; отдаёт 7.4%; оборот 159900 KZT"
100000002992171100,terminal,0.65,36,0.32167700650330533,"terminal: вход от 1, выход к 0; отдаёт 0.0%; оборот 14627 KZT; нет выхода в выборке"
100000002994441100,terminal,0.25,8,0.22258592765274438,"terminal: вход от 1, выход к 0; отдаёт 0.0%; оборот 5000 KZT; возможен артефакт обрыва графа на 4 колене"
100000002999140100,terminal,0.25,7,0.23278200775124674,"terminal: вход от 1, выход к 0; отдаёт 0.0%; оборот 10000 KZT; возможен артефакт обрыва графа на 4 колене"
100000003001138100,terminal,0.25,15,0.24894376307021376,"terminal: вход от 1, выход к 0; отдаёт 0.0%; оборот 30000 KZT; возможен артефакт обрыва графа на 4 колене"
100000003001564100,peripheral,0.4,5,0.3375127093535061,"peripheral: вход от 1, выход к 1; отдаёт 765.3%; оборот 203520 KZT"
100000003001661100,distributor,0.65,15,0.4466309863044457,"distributor: вход от 1, выход к 5; отдаёт 399.5%; оборот 549500 KZT; рядом с входом ≤24ч: 0.0%"
100000003003821100,terminal,0.65,2,0.35668433343198874,"terminal: вход от 1, выход к 0; отдаёт 0.0%; оборот 40000 KZT; нет выхода в выборке"
100000003004487100,peripheral,0.4,39,0.39346725159389895,"peripheral: вход от 4, выход к 2; отдаёт 144.3%; оборот 448718 KZT"
100000003005167100,terminal,0.25,51,0.22753525197612834,"terminal: вход от 1, выход к 0; отдаёт 0.0%; оборот 7000 KZT; возможен артефакт обрыва графа на 4 колене"
100000003006633100,terminal,0.65,41,0.2910827496067512,"terminal: вход от 1, выход к 0; отдаёт 0.0%; оборот 10000 KZT; нет выхода в выборке"
100000003009900100,terminal,0.65,17,0.29799503184254883,"terminal: вход от 1, выход к 0; отдаёт 0.0%; оборот 15998 KZT; нет выхода в выборке"
100000003010908100,terminal,0.25,17,0.24058798168748136,"terminal: вход от 1, выход к 0; отдаёт 0.0%; оборот 17000 KZT; возможен артефакт обрыва графа на 4 колене"
100000003014659100,terminal,0.65,11,0.40931598924314466,"terminal: вход от 1, выход к 0; отдаёт 0.0%; оборот 280000 KZT; нет выхода в выборке"
100000003016438100,peripheral,0.4,47,0.30941930121687855,"peripheral: вход от 1, выход к 1; отдаёт 150.0%; оборот 500000 KZT"
100000003016635100,distributor,0.55,5,0.705938091103879,"distributor: вход от 8, выход к 73; отдаёт 1603.8%; оборот 10001062 KZT; рядом с входом ≤24ч: 84.6%; вход seed неполон"
100000003016773100,terminal,0.65,47,0.3220426422531299,"terminal: вход от 1, выход к 0; отдаёт 0.0%; оборот 46555 KZT; нет выхода в выборке"
100000003022835100,terminal,0.65,2,0.3901140574522302,"terminal: вход от 1, выход к 0; отдаёт 0.0%; оборот 125000 KZT; нет выхода в выборке"
100000003024542100,terminal,0.65,2,0.3338996228083574,"terminal: вход от 1, выход к 0; отдаёт 0.0%; оборот 8500 KZT; нет выхода в выборке"
100000003025903100,terminal,0.25,10,0.3144327870747098,"terminal: вход от 1, выход к 0; отдаёт 0.0%; оборот 386300 KZT; возможен артефакт обрыва графа на 4 колене"
100000003031003100,terminal,0.65,23,0.4455434163916687,"terminal: вход от 3, выход к 0; отдаёт 0.0%; оборот 280090 KZT; нет выхода в выборке"
100000003031633100,terminal,0.65,47,0.3621751761711772,"terminal: вход от 1, выход к 0; отдаёт 0.0%; оборот 414000 KZT; нет выхода в выборке"
100000003031761100,terminal,0.65,8,0.3474211586754797,"terminal: вход от 1, выход к 0; отдаёт 0.0%; оборот 460408 KZT; нет выхода в выборке"
100000003031890100,terminal,0.65,66,0.3445517411464274,"terminal: вход от 1, выход к 0; отдаёт 0.0%; оборот 215000 KZT; нет выхода в выборке"
100000003034546100,terminal,0.65,4,0.3565719701893821,"terminal: вход от 1, выход к 0; отдаёт 0.0%; оборот 486715 KZT; нет выхода в выборке"
100000003035737100,peripheral,0.4,10,0.41034473593875187,"peripheral: вход от 2, выход к 1; отдаёт 0.8%; оборот 815715 KZT"
100000003036198100,terminal,0.65,2,0.32169789386424574,"terminal: вход от 1, выход к 0; отдаёт 0.0%; оборот 15000 KZT; нет выхода в выборке"
100000003037476100,terminal,0.25,47,0.3444456476037023,"terminal: вход от 3, выход к 0; отдаёт 0.0%; оборот 555000 KZT; возможен артефакт обрыва графа на 4 колене"
100000003037660100,terminal,0.65,2,0.3774910377090499,"terminal: вход от 1, выход к 0; отдаёт 0.0%; оборот 53000 KZT; нет выхода в выборке"
100000003039473100,terminal,0.65,5,0.33956326869040454,"terminal: вход от 1, выход к 0; отдаёт 0.0%; оборот 23000 KZT; нет выхода в выборке"
100000003040087100,terminal,0.25,17,0.2647621381357075,"terminal: вход от 1, выход к 0; отдаёт 0.0%; оборот 29000 KZT; возможен артефакт обрыва графа на 4 колене"
100000003042994100,terminal,0.65,5,0.38173804272402695,"terminal: вход от 1, выход к 0; отдаёт 0.0%; оборот 286086 KZT; нет выхода в выборке"
100000003044431100,terminal,0.65,2,0.3937743848526088,"terminal: вход от 2, выход к 0; отдаёт 0.0%; оборот 60000 KZT; нет выхода в выборке"
100000003044518100,terminal,0.65,1,0.3342677414360963,"terminal: вход от 1, выход к 0; отдаёт 0.0%; оборот 34423 KZT; нет выхода в выборке"
100000003047800100,terminal,0.25,23,0.23572169011417238,"terminal: вход от 1, выход к 0; отдаёт 0.0%; оборот 12212 KZT; возможен артефакт обрыва графа на 4 колене"
100000003050771100,terminal,0.65,12,0.36504078688854946,"terminal: вход от 1, выход к 0; отдаёт 0.0%; оборот 229000 KZT; нет выхода в выборке"
100000003054328100,peripheral,0.4,23,0.3268534132191897,"peripheral: вход от 1, выход к 2; отдаёт 138.4%; оборот 333720 KZT"
100000003057225100,terminal,0.65,5,0.3789065808078965,"terminal: вход от 1, выход к 0; отдаёт 0.0%; оборот 236000 KZT; нет выхода в выборке"
100000003060187100,terminal,0.65,48,0.3238965862251409,"terminal: вход от 1, выход к 0; отдаёт 0.0%; оборот 93046 KZT; нет выхода в выборке"
100000003060517100,terminal,0.65,27,0.34188192671432827,"terminal: вход от 1, выход к 0; отдаёт 0.0%; оборот 315955 KZT; нет выхода в выборке"
100000003061115100,terminal,0.25,0,0.27122590089041615,"terminal: вход от 1, выход к 0; отдаёт 0.0%; оборот 45000 KZT; возможен артефакт обрыва графа на 4 колене"
100000003062895100,terminal,0.65,47,0.4072076525684062,"terminal: вход от 2, выход к 0; отдаёт 0.0%; оборот 328444 KZT; нет выхода в выборке"
100000003066385100,terminal,0.65,0,0.36638451128568567,"terminal: вход от 2, выход к 0; отдаёт 0.0%; оборот 20000 KZT; нет выхода в выборке"
100000003068941100,peripheral,0.4,0,0.39867019577012663,"peripheral: вход от 3, выход к 1; отдаёт 26.6%; оборот 119000 KZT"
100000003069463100,peripheral,0.4,14,0.2677417795375172,"peripheral: вход от 1, выход к 1; отдаёт 155.8%; оборот 29420 KZT"
100000003071649100,terminal,0.65,47,0.3343610471890937,"terminal: вход от 1, выход к 0; отдаёт 0.0%; оборот 189500 KZT; нет выхода в выборке"
100000003071930100,peripheral,0.4,4,0.46875682676302116,"peripheral: вход от 3, выход к 1; отдаёт 1.0%; оборот 482610 KZT"
100000003072205100,terminal,0.25,47,0.3229486441364561,"terminal: вход от 2, выход к 0; отдаёт 0.0%; оборот 163000 KZT; возможен артефакт обрыва графа на 4 колене"
100000003072676100,terminal,0.65,27,0.30798328175673195,"terminal: вход от 1, выход к 0; отдаёт 0.0%; оборот 31545 KZT; нет выхода в выборке"
100000003073398100,terminal,0.65,44,0.3322163155378153,"terminal: вход от 1, выход к 0; отдаёт 0.0%; оборот 92960 KZT; нет выхода в выборке"
100000003073635100,terminal,0.65,8,0.32872953004800776,"terminal: вход от 1, выход к 0; отдаёт 0.0%; оборот 129231 KZT; нет выхода в выборке"
100000003074515100,terminal,0.25,47,0.28369112322331796,"terminal: вход от 1, выход к 0; отдаёт 0.0%; оборот 105000 KZT; возможен артефакт обрыва графа на 4 колене"
100000003078839100,terminal,0.25,8,0.237731752308175,"terminal: вход от 1, выход к 0; отдаёт 0.0%; оборот 14000 KZT; возможен артефакт обрыва графа на 4 колене"
100000003083865100,terminal,0.25,17,0.25506381867540795,"terminal: вход от 1, выход к 0; отдаёт 0.0%; оборот 15000 KZT; возможен артефакт обрыва графа на 4 колене"
100000003084870100,terminal,0.25,23,0.22644514036952645,"terminal: вход от 1, выход к 0; отдаёт 0.0%; оборот 6500 KZT; возможен артефакт обрыва графа на 4 колене"
100000003086040100,terminal,0.65,0,0.31645092796085017,"terminal: вход от 1, выход к 0; отдаёт 0.0%; оборот 10500 KZT; нет выхода в выборке"
100000003087877100,terminal,0.65,8,0.32364783858322993,"terminal: вход от 1, выход к 0; отдаёт 0.0%; оборот 91486 KZT; нет выхода в выборке"
100000003089018100,terminal,0.65,4,0.34554392986389587,"terminal: вход от 1, выход к 0; отдаёт 0.0%; оборот 230000 KZT; нет выхода в выборке"
100000003089553100,terminal,0.65,47,0.35881638751643474,"terminal: вход от 1, выход к 0; отдаёт 0.0%; оборот 150000 KZT; нет выхода в выборке"
100000003091142100,terminal,0.25,0,0.2694931228751253,"terminal: вход от 1, выход к 0; отдаёт 0.0%; оборот 40000 KZT; возможен артефакт обрыва графа на 4 колене"
100000003093299100,terminal,0.65,0,0.31336456053091244,"terminal: вход от 1, выход к 0; отдаёт 0.0%; оборот 15000 KZT; нет выхода в выборке"
100000003095610100,terminal,0.65,17,0.3037549569369826,"terminal: вход от 1, выход к 0; отдаёт 0.0%; оборот 23665 KZT; нет выхода в выборке"
100000003096787100,terminal,0.25,17,0.2563764994997915,"terminal: вход от 1, выход к 0; отдаёт 0.0%; оборот 16400 KZT; возможен артефакт обрыва графа на 4 колене"
100000003097324100,terminal,0.65,38,0.40882161535075384,"terminal: вход от 2, выход к 0; отдаёт 0.0%; оборот 294000 KZT; нет выхода в выборке"
100000003097947100,terminal,0.25,8,0.2573104915562479,"terminal: вход от 1, выход к 0; отдаёт 0.0%; оборот 52980 KZT; возможен артефакт обрыва графа на 4 колене"
100000003102157100,terminal,0.65,0,0.3494702728115544,"terminal: вход от 1, выход к 0; отдаёт 0.0%; оборот 96746 KZT; нет выхода в выборке"
100000003104347100,peripheral,0.4,28,0.34603053630080494,"peripheral: вход от 1, выход к 1; отдаёт 7.7%; оборот 450000 KZT"
100000003105089100,terminal,0.25,32,0.23278200775124674,"terminal: вход от 1, выход к 0; отдаёт 0.0%; оборот 10000 KZT; возможен артефакт обрыва графа на 4 колене"
100000003105929100,peripheral,0.4,10,0.36019047000062304,"peripheral: вход от 1, выход к 1; отдаёт 36.4%; оборот 585921 KZT"
100000003109805100,terminal,0.65,27,0.3103015540424341,"terminal: вход от 1, выход к 0; отдаёт 0.0%; оборот 36929 KZT; нет выхода в выборке"
100000003111305100,terminal,0.65,44,0.47641249991674434,"terminal: вход от 4, выход к 0; отдаёт 0.0%; оборот 509338 KZT; нет выхода в выборке"
100000003112436100,terminal,0.65,5,0.37016454201960514,"terminal: вход от 1, выход к 0; отдаёт 0.0%; оборот 100000 KZT; нет выхода в выборке"
100000003112578100,terminal,0.65,23,0.341432109001771,"terminal: вход от 1, выход к 0; отдаёт 0.0%; оборот 101080 KZT; нет выхода в выборке"
100000003115284100,peripheral,0.4,11,0.5697306743685017,"peripheral: вход от 8, выход к 2; отдаёт 23.9%; оборот 2677500 KZT"
100000003116106100,terminal,0.65,10,0.37635299227545793,"terminal: вход от 1, выход к 0; отдаёт 0.0%; оборот 494050 KZT; нет выхода в выборке"
100000003119550100,terminal,0.65,36,0.3269973288770357,"terminal: вход от 1, выход к 0; отдаёт 0.0%; оборот 21000 KZT; нет выхода в выборке"
100000003122817100,terminal,0.65,14,0.346909799706117,"terminal: вход от 1, выход к 0; отдаёт 0.0%; оборот 444680 KZT; нет выхода в выборке"
100000003123296100,terminal,0.65,7,0.3477722549238373,"terminal: вход от 1, выход к 0; отдаёт 0.0%; оборот 86200 KZT; нет выхода в выборке"
100000003125997100,terminal,0.25,47,0.2647337019009145,"terminal: вход от 1, выход к 0; отдаёт 0.0%; оборот 87750 KZT; возможен артефакт обрыва графа на 4 колене"
100000003128638100,terminal,0.25,47,0.28281885312970156,"terminal: вход от 1, выход к 0; отдаёт 0.0%; оборот 300000 KZT; возможен артефакт обрыва графа на 4 колене"
100000003131016100,peripheral,0.4,8,0.35724307355628665,"peripheral: вход от 1, выход к 1; отдаёт 31.1%; оборот 531700 KZT"
100000003131693100,terminal,0.65,2,0.40539880243218546,"terminal: вход от 1, выход к 0; отдаёт 0.0%; оборот 353277 KZT; нет выхода в выборке"
100000003132484100,terminal,0.65,4,0.3234069140512958,"terminal: вход от 1, выход к 0; отдаёт 0.0%; оборот 90000 KZT; нет выхода в выборке"
100000003133045100,terminal,0.25,55,0.2609824348014317,"terminal: вход от 1, выход к 0; отдаёт 0.0%; оборот 68000 KZT; возможен артефакт обрыва графа на 4 колене"
100000003134474100,terminal,0.65,10,0.3550347799252209,"terminal: вход от 1, выход к 0; отдаёт 0.0%; оборот 116000 KZT; нет выхода в выборке"
100000003134550100,terminal,0.25,47,0.26665621515808063,"terminal: вход от 1, выход к 0; отдаёт 0.0%; оборот 100000 KZT; возможен артефакт обрыва графа на 4 колене"
100000003134934100,terminal,0.65,0,0.4714311252450644,"terminal: вход от 4, выход к 0; отдаёт 0.0%; оборот 379354 KZT; нет выхода в выборке"
100000003134937100,terminal,0.65,5,0.3328146823815884,"terminal: вход от 1, выход к 0; отдаёт 0.0%; оборот 10286 KZT; нет выхода в выборке"
100000003146511100,terminal,0.25,12,0.24909912405590778,"terminal: вход от 1, выход к 0; отдаёт 0.0%; оборот 10000 KZT; возможен артефакт обрыва графа на 4 колене"
100000003147719100,terminal,0.65,47,0.32495695701358507,"terminal: вход от 1, выход к 0; отдаёт 0.0%; оборот 100000 KZT; нет выхода в выборке"
100000003148220100,peripheral,0.4,70,0.3153107165221753,"peripheral: вход от 1, выход к 2; отдаёт 768.1%; оборот 49050 KZT"
100000003149149100,terminal,0.65,10,0.3660343724231804,"terminal: вход от 1, выход к 0; отдаёт 0.0%; оборот 245000 KZT; нет выхода в выборке"
100000003152964100,peripheral,0.4,8,0.3224923495591165,"peripheral: вход от 1, выход к 1; отдаёт 3.9%; оборот 147347 KZT"
100000003154105100,distributor,0.6744082840236687,32,0.45869326871588406,"distributor: вход от 1, выход к 7; отдаёт 563.3%; оборот 398000 KZT; рядом с входом ≤24ч: 16.3%"
100000003157333100,terminal,0.65,44,0.31557783825905156,"terminal: вход от 1, выход к 0; отдаёт 0.0%; оборот 30000 KZT; нет выхода в выборке"
100000003157679100,terminal,0.65,47,0.47729973858611136,"terminal: вход от 4, выход к 0; отдаёт 0.0%; оборот 541000 KZT; нет выхода в выборке"
100000003158727100,terminal,0.65,1,0.47455695650195884,"terminal: вход от 3, выход к 0; отдаёт 0.0%; оборот 367940 KZT; нет выхода в выборке"
100000003159641100,peripheral,0.4,50,0.38136699282472825,"peripheral: вход от 4, выход к 1; отдаёт 309.1%; оборот 261800 KZT"
100000003163256100,peripheral,0.4,5,0.30858375899136176,"peripheral: вход от 1, выход к 1; отдаёт 111.2%; оборот 28485 KZT"
100000003163886100,terminal,0.65,31,0.36495193595989506,"terminal: вход от 1, выход к 0; отдаёт 0.0%; оборот 500000 KZT; нет выхода в выборке"
100000003164661100,terminal,0.65,57,0.3512236496632844,"terminal: вход от 1, выход к 0; отдаёт 0.0%; оборот 596200 KZT; нет выхода в выборке"
100000003166017100,terminal,0.25,17,0.25506381867540795,"terminal: вход от 1, выход к 0; отдаёт 0.0%; оборот 15000 KZT; возможен артефакт обрыва графа на 4 колене"
100000003166755100,terminal,0.65,2,0.32861832741893937,"terminal: вход от 1, выход к 0; отдаёт 0.0%; оборот 24010 KZT; нет выхода в выборке"
100000003171006100,terminal,0.65,47,0.4161859467470917,"terminal: вход от 2, выход к 0; отдаёт 0.0%; оборот 485000 KZT; нет выхода в выборке"
100000003171587100,peripheral,0.4,10,0.39569957248924553,"peripheral: вход от 2, выход к 2; отдаёт 61.6%; оборот 1131300 KZT"
100000003173783100,terminal,0.25,34,0.2453512836802021,"terminal: вход от 1, выход к 0; отдаёт 0.0%; оборот 23500 KZT; возможен артефакт обрыва графа на 4 колене"
100000003177533100,terminal,0.25,8,0.24297882328208775,"terminal: вход от 1, выход к 0; отдаёт 0.0%; оборот 20000 KZT; возможен артефакт обрыва графа на 4 колене"
100000003178549100,peripheral,0.4,27,0.3809819685785095,"peripheral: вход от 2, выход к 4; отдаёт 35.6%; оборот 339080 KZT"
100000003180305100,terminal,0.25,0,0.2999150783455268,"terminal: вход от 1, выход к 0; отдаёт 0.0%; оборот 144000 KZT; возможен артефакт обрыва графа на 4 колене"
100000003180820100,terminal,0.25,47,0.28311971883943543,"terminal: вход от 1, выход к 0; отдаёт 0.0%; оборот 101000 KZT; возможен артефакт обрыва графа на 4 колене"
100000003186579100,terminal,0.25,8,0.2680584009899278,"terminal: вход от 1, выход к 0; отдаёт 0.0%; оборот 110000 KZT; возможен артефакт обрыва графа на 4 колене"
100000003187359100,terminal,0.65,36,0.3255806214244535,"terminal: вход от 1, выход к 0; отдаёт 0.0%; оборот 19072 KZT; нет выхода в выборке"
100000003188607100,peripheral,0.4,1,0.29578176924924493,"peripheral: вход от 1, выход к 1; отдаёт 27.8%; оборот 23000 KZT"
100000003190207100,peripheral,0.4,54,0.32177615200696363,"peripheral: вход от 1, выход к 1; отдаёт 7540.0%; оборот 382000 KZT"
100000003191430100,terminal,0.65,5,0.34193771672571294,"terminal: вход от 1, выход к 0; отдаёт 0.0%; оборот 180000 KZT; нет выхода в выборке"
100000003192220100,terminal,0.65,5,0.32577514413940234,"terminal: вход от 1, выход к 0; отдаёт 0.0%; оборот 60000 KZT; нет выхода в выборке"
100000003192309100,peripheral,0.4,60,0.2980078654832129,"peripheral: вход от 1, выход к 1; отдаёт 1238.4%; оборот 230200 KZT"
100000003194831100,terminal,0.25,11,0.22590347822754614,"terminal: вход от 1, выход к 0; отдаёт 0.0%; оборот 6265 KZT; возможен артефакт обрыва графа на 4 колене"
100000003199390100,terminal,0.25,10,0.30860786187223876,"terminal: вход от 1, выход к 0; отдаёт 0.0%; оборот 260000 KZT; возможен артефакт обрыва графа на 4 колене"
100000003200071100,peripheral,0.4,71,0.2939244685051008,"peripheral: вход от 0, выход к 1; отдаёт н/д (вход=0); оборот 30000 KZT; вход seed неполон"
100000003204491100,peripheral,0.4,0,0.30784999400444885,"peripheral: вход от 1, выход к 1; отдаёт 71.4%; оборот 240000 KZT"
100000003205210100,terminal,0.65,2,0.39152298511707395,"terminal: вход от 1, выход к 0; отдаёт 0.0%; оборот 137563 KZT; нет выхода в выборке"
100000003207060100,terminal,0.25,0,0.2736331604855198,"terminal: вход от 1, выход к 0; отдаёт 0.0%; оборот 53000 KZT; возможен артефакт обрыва графа на 4 колене"
100000003213473100,distributor,0.65,0,0.48630341465774424,"distributor: вход от 1, выход к 11; отдаёт 417.4%; оборот 297500 KZT; рядом с входом ≤24ч: 0.0%"
100000003214786100,terminal,0.25,0,0.23890304395740541,"terminal: вход от 1, выход к 0; отдаёт 0.0%; оборот 5000 KZT; возможен артефакт обрыва графа на 4 колене"
100000003215448100,peripheral,0.4,8,0.3120729112638802,"peripheral: вход от 1, выход к 2; отдаёт 135.8%; оборот 215309 KZT"
100000003216073100,peripheral,0.4,8,0.28673695752759254,"peripheral: вход от 1, выход к 1; отдаёт 189.2%; оборот 107001 KZT"
100000003218308100,terminal,0.65,0,0.3090209522391617,"terminal: вход от 1, выход к 0; отдаёт 0.0%; оборот 11165 KZT; нет выхода в выборке"
100000003219438100,terminal,0.65,72,0.3165272955168369,"terminal: вход от 1, выход к 0; отдаёт 0.0%; оборот 32000 KZT; нет выхода в выборке"
100000003220685100,terminal,0.25,10,0.33235354201153045,"terminal: вход от 1, выход к 0; отдаёт 0.0%; оборот 1306000 KZT; возможен артефакт обрыва графа на 4 колене"
100000003221384100,terminal,0.65,3,0.38518835800422335,"terminal: вход от 1, выход к 0; отдаёт 0.0%; оборот 511200 KZT; нет выхода в выборке"
100000003221510100,peripheral,0.4,0,0.3224720165087781,"peripheral: вход от 1, выход к 2; отдаёт 500.0%; оборот 144000 KZT"
100000003230328100,terminal,0.25,8,0.31131209807245064,"terminal: вход от 3, выход к 0; отдаёт 0.0%; оборот 26572 KZT; возможен артефакт обрыва графа на 4 колене"
100000003230329100,terminal,0.25,47,0.2843755172945888,"terminal: вход от 1, выход к 0; отдаёт 0.0%; оборот 110000 KZT; возможен артефакт обрыва графа на 4 колене"
100000003232675100,terminal,0.25,12,0.27089528864588397,"terminal: вход от 1, выход к 0; отдаёт 0.0%; оборот 44000 KZT; возможен артефакт обрыва графа на 4 колене"
100000003235780100,terminal,0.65,0,0.40004143922010793,"terminal: вход от 2, выход к 0; отдаёт 0.0%; оборот 65000 KZT; нет выхода в выборке"
100000003237045100,peripheral,0.4,5,0.33552020962874124,"peripheral: вход от 1, выход к 1; отдаёт 44.1%; оборот 490200 KZT"
100000003239379100,terminal,0.65,7,0.3488100021459842,"terminal: вход от 1, выход к 0; отдаёт 0.0%; оборот 92500 KZT; нет выхода в выборке"
100000003239859100,terminal,0.65,7,0.325211963636083,"terminal: вход от 1, выход к 0; отдаёт 0.0%; оборот 18600 KZT; нет выхода в выборке"
100000003241965100,terminal,0.65,17,0.29704744422625134,"terminal: вход от 1, выход к 0; отдаёт 0.0%; оборот 15000 KZT; нет выхода в выборке"
100000003242289100,distributor,0.6708771897359721,27,0.5812227297795864,"distributor: вход от 3, выход к 23; отдаёт 431.7%; оборот 2928532 KZT; рядом с входом ≤24ч: 13.9%"
100000003242795100,terminal,0.65,10,0.3543865769909066,"terminal: вход от 1, выход к 0; отдаёт 0.0%; оборот 111000 KZT; нет выхода в выборке"
100000003246024100,peripheral,0.4,8,0.3185200296097608,"peripheral: вход от 1, выход к 1; отдаёт 20.0%; оборот 30000 KZT"
100000003247600100,terminal,0.25,2,0.2586423192566799,"terminal: вход от 1, выход к 0; отдаёт 0.0%; оборот 58000 KZT; возможен артефакт обрыва графа на 4 колене"
100000003249054100,consolidator,0.8,2,0.5777792844121985,"consolidator: вход от 7, выход к 1; отдаёт 15.0%; оборот 114700 KZT"
100000003252446100,terminal,0.25,47,0.26786995787861045,"terminal: вход от 1, выход к 0; отдаёт 0.0%; оборот 108600 KZT; возможен артефакт обрыва графа на 4 колене"
100000003254277100,transit,0.8,0,0.3939384059042114,"transit: вход от 1, выход к 1; отдаёт 91.5%; оборот 94197 KZT; рядом с входом ≤24ч: 100.0%"
100000003254723100,terminal,0.65,2,0.38476895058133753,"terminal: вход от 1, выход к 0; отдаёт 0.0%; оборот 269850 KZT; нет выхода в выборке"
100000003265158100,transit,0.8,7,0.49005216879580205,"transit: вход от 3, выход к 2; отдаёт 105.5%; оборот 300300 KZT; рядом с входом ≤24ч: 100.0%"
100000003265658100,peripheral,0.4,73,0.10600000000000001,"peripheral: вход от 0, выход к 0; отдаёт н/д (вход=0); оборот 0 KZT; вход seed неполон"
100000003270419100,terminal,0.65,12,0.3472392092559828,"terminal: вход от 1, выход к 0; отдаёт 0.0%; оборот 150000 KZT; нет выхода в выборке"
100000003271151100,terminal,0.65,8,0.3285073499181572,"terminal: вход от 1, выход к 0; отдаёт 0.0%; оборот 127294 KZT; нет выхода в выборке"
100000003275398100,peripheral,0.4,66,0.34133425378704507,"peripheral: вход от 1, выход к 1; отдаёт 6.7%; оборот 320000 KZT"
100000003278020100,terminal,0.65,0,0.3427331470239884,"terminal: вход от 1, выход к 0; отдаёт 0.0%; оборот 190000 KZT; нет выхода в выборке"
100000003284932100,terminal,0.65,2,0.3815681144903998,"terminal: вход от 1, выход к 0; отдаёт 0.0%; оборот 69925 KZT; нет выхода в выборке"
100000003286537100,terminal,0.65,47,0.39921266713006226,"terminal: вход от 2, выход к 0; отдаёт 0.0%; оборот 153000 KZT; нет выхода в выборке"
100000003289281100,terminal,0.25,0,0.25317600657046424,"terminal: вход от 1, выход к 0; отдаёт 0.0%; оборот 40000 KZT; возможен артефакт обрыва графа на 4 колене"
100000003289405100,terminal,0.65,2,0.351929462526801,"terminal: вход от 1, выход к 0; отдаёт 0.0%; оборот 355000 KZT; нет выхода в выборке"
100000003292191100,terminal,0.65,38,0.32662422792383,"terminal: вход от 1, выход к 0; отдаёт 0.0%; оборот 112000 KZT; нет выхода в выборке"
100000003292979100,terminal,0.65,2,0.35965490316156606,"terminal: вход от 1, выход к 0; отдаёт 0.0%; оборот 48950 KZT; нет выхода в выборке"
100000003293377100,terminal,0.65,10,0.34265384762256124,"terminal: вход от 1, выход к 0; отдаёт 0.0%; оборот 50000 KZT; нет выхода в выборке"
100000003299365100,transit,0.8,2,0.4580106820559205,"transit: вход от 1, выход к 1; отдаёт 100.0%; оборот 400000 KZT; рядом с входом ≤24ч: 100.0%"
100000003321423100,terminal,0.65,59,0.37016454201960514,"terminal: вход от 1, выход к 0; отдаёт 0.0%; оборот 100000 KZT; нет выхода в выборке"
100000003321895100,peripheral,0.4,62,0.3265965926638243,"peripheral: вход от 1, выход к 2; отдаёт 2307.6%; оборот 577830 KZT"
100000003336565100,terminal,0.65,29,0.30682739918860785,"terminal: вход от 1, выход к 0; отдаёт 0.0%; оборот 16550 KZT; нет выхода в выборке"
100000003338583100,terminal,0.65,37,0.30252370889996394,"terminal: вход от 1, выход к 0; отдаёт 0.0%; оборот 21765 KZT; нет выхода в выборке"
100000003345947100,terminal,0.25,8,0.2632811366314687,"terminal: вход от 1, выход к 0; отдаёт 0.0%; оборот 79500 KZT; возможен артефакт обрыва графа на 4 колене"
100000003349739100,peripheral,0.4,74,0.10600000000000001,"peripheral: вход от 0, выход к 0; отдаёт н/д (вход=0); оборот 0 KZT; вход seed неполон"
100000003360542100,peripheral,0.4,11,0.447595045926642,"peripheral: вход от 2, выход к 2; отдаёт 16.3%; оборот 368800 KZT"
100000003366154100,peripheral,0.4,2,0.3952445542669076,"peripheral: вход от 1, выход к 3; отдаёт 231.3%; оборот 414170 KZT"
100000003366471100,peripheral,0.4,8,0.3836197890748555,"peripheral: вход от 2, выход к 1; отдаёт 6.1%; оборот 349789 KZT"
100000003370425100,terminal,0.25,12,0.27985307495477446,"terminal: вход от 1, выход к 0; отдаёт 0.0%; оборот 20000 KZT; возможен артефакт обрыва графа на 4 колене"
100000003377795100,terminal,0.65,1,0.3108359938316328,"terminal: вход от 1, выход к 0; отдаёт 0.0%; оборот 7000 KZT; нет выхода в выборке"
100000003390036100,peripheral,0.4,11,0.43886789949171584,"peripheral: вход от 2, выход к 2; отдаёт 26.8%; оборот 293300 KZT"
100000003404627100,terminal,0.65,55,0.516755790752706,"terminal: вход от 4, выход к 0; отдаёт 0.0%; оборот 877700 KZT; нет выхода в выборке"
100000003406094100,peripheral,0.4,5,0.34170318797956417,"peripheral: вход от 1, выход к 3; отдаёт 67.1%; оборот 117000 KZT"
100000003447411100,terminal,0.25,8,0.28291660702746413,"terminal: вход от 1, выход к 0; отдаёт 0.0%; оборот 302000 KZT; возможен артефакт обрыва графа на 4 колене"
100000003448713100,terminal,0.25,8,0.2810906371297109,"terminal: вход от 1, выход к 0; отдаёт 0.0%; оборот 266750 KZT; возможен артефакт обрыва графа на 4 колене"
100000003449074100,terminal,0.65,0,0.3160827496067512,"terminal: вход от 1, выход к 0; отдаёт 0.0%; оборот 10000 KZT; нет выхода в выборке"
100000003457710100,peripheral,0.4,10,0.3547221370121527,"peripheral: вход от 1, выход к 1; отдаёт 399.9%; оборот 1632555 KZT"
100000003470579100,terminal,0.25,14,0.28537803876342216,"terminal: вход от 1, выход к 0; отдаёт 0.0%; оборот 357000 KZT; возможен артефакт обрыва графа на 4 колене"
100000003476560100,terminal,0.65,2,0.376633804730135,"terminal: вход от 1, выход к 0; отдаёт 0.0%; оборот 50000 KZT; нет выхода в выборке"
100000003481025100,terminal,0.25,0,0.23123211189144066,"terminal: вход от 1, выход к 0; отдаёт 0.0%; оборот 9000 KZT; возможен артефакт обрыва графа на 4 колене"
100000003484058100,peripheral,0.4,43,0.3184638501305931,"peripheral: вход от 1, выход к 1; отдаёт 5.5%; оборот 116000 KZT"
100000003486846100,terminal,0.25,5,0.24739375824828902,"terminal: вход от 1, выход к 0; отдаёт 0.0%; оборот 27000 KZT; возможен артефакт обрыва графа на 4 колене"
100000003486970100,terminal,0.65,10,0.35881638751643474,"terminal: вход от 1, выход к 0; отдаёт 0.0%; оборот 150000 KZT; нет выхода в выборке"
100000003497735100,terminal,0.65,48,0.32823980577954354,"terminal: вход от 1, выход к 0; отдаёт 0.0%; оборот 125000 KZT; нет выхода в выборке"
100000003500764100,terminal,0.25,27,0.27159088158664424,"terminal: вход от 1, выход к 0; отдаёт 0.0%; оборот 21000 KZT; возможен артефакт обрыва графа на 4 колене"
100000003509750100,transit,0.7617346938775511,44,0.4338375617407229,"transit: вход от 3, выход к 3; отдаёт 95.3%; оборот 160690 KZT; рядом с входом ≤24ч: 74.5%"
100000003528285100,peripheral,0.4,2,0.3874426025585489,"peripheral: вход от 4, выход к 4; отдаёт 461.0%; оборот 666870 KZT"
100000003557488100,peripheral,0.4,39,0.35703542620998147,"peripheral: вход от 1, выход к 2; отдаёт 20.8%; оборот 802992 KZT"
100000003561031100,peripheral,0.4,8,0.28091483990976673,"peripheral: вход от 1, выход к 1; отдаёт 37.6%; оборот 18300 KZT"
100000003567087100,terminal,0.65,36,0.3429514679294579,"terminal: вход от 1, выход к 0; отдаёт 0.0%; оборот 62115 KZT; нет выхода в выборке"
100000003568904100,terminal,0.25,12,0.2724787121628951,"terminal: вход от 1, выход к 0; отдаёт 0.0%; оборот 49000 KZT; возможен артефакт обрыва графа на 4 колене"
100000003574895100,peripheral,0.4,0,0.3004531660096856,"peripheral: вход от 1, выход к 1; отдаёт 71.5%; оборот 47968 KZT"
100000003581109100,terminal,0.65,0,0.32877203524375354,"terminal: вход от 1, выход к 0; отдаёт 0.0%; оборот 42750 KZT; нет выхода в выборке"
100000003582677100,peripheral,0.4,2,0.32780380197174136,"peripheral: вход от 2, выход к 4; отдаёт 188.2%; оборот 85757 KZT"
100000003589877100,distributor,0.7819767427888948,47,0.5219902975664603,"distributor: вход от 2, выход к 6; отдаёт 236.4%; оборот 592129 KZT; рядом с входом ≤24ч: 88.0%"
100000003594472100,terminal,0.65,39,0.3012795651375922,"terminal: вход от 1, выход к 0; отдаёт 0.0%; оборот 20000 KZT; нет выхода в выборке"
100000003603979100,terminal,0.65,75,0.3406576165745999,"terminal: вход от 1, выход к 0; отдаёт 0.0%; оборот 165000 KZT; нет выхода в выборке"
100000003610172100,terminal,0.65,10,0.3476039284181929,"terminal: вход от 1, выход к 0; отдаёт 0.0%; оборот 70000 KZT; нет выхода в выборке"
100000003616818100,peripheral,0.4,75,0.3720888181849047,"peripheral: вход от 3, выход к 3; отдаёт 307.8%; оборот 318100 KZT"
100000003617552100,terminal,0.65,76,0.31289562954758837,"terminal: вход от 1, выход к 0; отдаёт 0.0%; оборот 25000 KZT; нет выхода в выборке"
100000003622955100,terminal,0.25,11,0.25506381867540795,"terminal: вход от 1, выход к 0; отдаёт 0.0%; оборот 15000 KZT; возможен артефакт обрыва графа на 4 колене"
100000003626268100,terminal,0.25,8,0.22258592765274438,"terminal: вход от 1, выход к 0; отдаёт 0.0%; оборот 5000 KZT; возможен артефакт обрыва графа на 4 колене"
100000003631015100,terminal,0.25,77,0.29736633087918124,"terminal: вход от 1, выход к 0; отдаёт 0.0%; оборот 266000 KZT; возможен артефакт обрыва графа на 4 колене"
100000003632533100,terminal,0.25,10,0.26067630231635974,"terminal: вход от 1, выход к 0; отдаёт 0.0%; оборот 10000 KZT; возможен артефакт обрыва графа на 4 колене"
100000003635170100,transit,0.7863905325443787,59,0.5225480949484714,"transit: вход от 3, выход к 4; отдаёт 94.4%; оборот 522000 KZT; рядом с входом ≤24ч: 90.9%"
100000003635660100,terminal,0.65,0,0.3168304767693938,"terminal: вход от 1, выход к 0; отдаёт 0.0%; оборот 18985 KZT; нет выхода в выборке"
100000003636627100,peripheral,0.4,44,0.31179848341658145,"peripheral: вход от 1, выход к 1; отдаёт 13.0%; оборот 87000 KZT"
100000003646145100,terminal,0.25,46,0.22258592765274438,"terminal: вход от 1, выход к 0; отдаёт 0.0%; оборот 5000 KZT; возможен артефакт обрыва графа на 4 колене"
100000003647799100,terminal,0.65,10,0.352851251578698,"terminal: вход от 1, выход к 0; отдаёт 0.0%; оборот 100000 KZT; нет выхода в выборке"
100000003650146100,terminal,0.65,5,0.31276402999264663,"terminal: вход от 1, выход к 0; отдаёт 0.0%; оборот 14400 KZT; нет выхода в выборке"
100000003664994100,terminal,0.25,78,0.2845852367791647,"terminal: вход от 1, выход к 0; отдаёт 0.0%; оборот 338271 KZT; возможен артефакт обрыва графа на 4 колене"
100000003671721100,terminal,0.65,17,0.2808866695082488,"terminal: вход от 1, выход к 0; отдаёт 0.0%; оборот 5000 KZT; нет выхода в выборке"
100000003677936100,peripheral,0.4,1,0.309562908690056,"peripheral: вход от 1, выход к 1; отдаёт 18.3%; оборот 84000 KZT"
100000003684369100,distributor,0.55,2,0.7347619946164289,"distributor: вход от 24, выход к 62; отдаёт 223.2%; оборот 12437091 KZT; рядом с входом ≤24ч: 99.4%; вход seed неполон"
100000003692843100,terminal,0.25,62,0.29062541261144414,"terminal: вход от 1, выход к 0; отдаёт 0.0%; оборот 510000 KZT; возможен артефакт обрыва графа на 4 колене"
100000003696422100,terminal,0.25,39,0.26909123391263934,"terminal: вход от 1, выход к 0; отдаёт 0.0%; оборот 118000 KZT; возможен артефакт обрыва графа на 4 колене"
100000003701161100,peripheral,0.4,28,0.4909355522045972,"peripheral: вход от 4, выход к 3; отдаёт 22.9%; оборот 1876103 KZT"
100000003711830100,terminal,0.65,8,0.3147595530574483,"terminal: вход от 1, выход к 0; отдаёт 0.0%; оборот 50000 KZT; нет выхода в выборке"
100000003713616100,terminal,0.65,5,0.3392152766707524,"terminal: вход от 1, выход к 0; отдаёт 0.0%; оборот 15893 KZT; нет выхода в выборке"
100000003718221100,peripheral,0.4,28,0.3848116946452807,"peripheral: вход от 2, выход к 4; отдаёт 121.0%; оборот 773500 KZT"
100000003718715100,terminal,0.25,12,0.2992247345882531,"terminal: вход от 1, выход к 0; отдаёт 0.0%; оборот 915000 KZT; возможен артефакт обрыва графа на 4 колене"
100000003724440100,terminal,0.65,2,0.40007208421156176,"terminal: вход от 2, выход к 0; отдаёт 0.0%; оборот 50000 KZT; нет выхода в выборке"
100000003736419100,peripheral,0.4,0,0.30431915670537363,"peripheral: вход от 1, выход к 1; отдаёт 42.9%; оборот 33300 KZT"
100000003739818100,terminal,0.65,2,0.3786368802678637,"terminal: вход от 1, выход к 0; отдаёт 0.0%; оборот 57293 KZT; нет выхода в выборке"
100000003741418100,peripheral,0.4,10,0.48735913806278586,"peripheral: вход от 9, выход к 3; отдаёт 26.3%; оборот 191820 KZT"
100000003747133100,peripheral,0.4,65,0.39656942200398704,"peripheral: вход от 5, выход к 2; отдаёт 105.5%; оборот 487068 KZT"
100000003760160100,terminal,0.65,10,0.35349459564687313,"terminal: вход от 1, выход к 0; отдаёт 0.0%; оборот 104470 KZT; нет выхода в выборке"
100000003770083100,peripheral,0.4,79,0.10600000000000001,"peripheral: вход от 0, выход к 0; отдаёт н/д (вход=0); оборот 0 KZT; вход seed неполон"
100000003781406100,terminal,0.65,7,0.32952664274592064,"terminal: вход от 1, выход к 0; отдаёт 0.0%; оборот 45000 KZT; нет выхода в выборке"
100000003782913100,terminal,0.25,43,0.2768536926723441,"terminal: вход от 1, выход к 0; отдаёт 0.0%; оборот 200000 KZT; возможен артефакт обрыва графа на 4 колене"
100000003786516100,terminal,0.25,0,0.2504802222178574,"terminal: вход от 1, выход к 0; отдаёт 0.0%; оборот 5000 KZT; возможен артефакт обрыва графа на 4 колене"
100000003792647100,terminal,0.25,10,0.2573937918842897,"terminal: вход от 1, выход к 0; отдаёт 0.0%; оборот 8000 KZT; возможен артефакт обрыва графа на 4 колене"
100000003795588100,terminal,0.65,0,0.34535194882158926,"terminal: вход от 1, выход к 0; отдаёт 0.0%; оборот 400000 KZT; нет выхода в выборке"
100000003796063100,distributor,0.6610253870614606,10,0.5034227792510327,"distributor: вход от 1, выход к 15; отдаёт 2740.4%; оборот 994150 KZT; рядом с входом ≤24ч: 7.4%"
100000003798151100,terminal,0.65,5,0.3517207793878039,"terminal: вход от 1, выход к 0; отдаёт 0.0%; оборот 350000 KZT; нет выхода в выборке"
100000003809101100,peripheral,0.4,11,0.42753415121943317,"peripheral: вход от 2, выход к 2; отдаёт 33.2%; оборот 221250 KZT"
100000003814002100,terminal,0.65,10,0.3351387994908312,"terminal: вход от 1, выход к 0; отдаёт 0.0%; оборот 30000 KZT; нет выхода в выборке"
100000003819173100,terminal,0.25,8,0.2719979831804701,"terminal: вход от 1, выход к 0; отдаёт 0.0%; оборот 143777 KZT; возможен артефакт обрыва графа на 4 колене"
100000003823811100,peripheral,0.4,54,0.3481101312373792,"peripheral: вход от 1, выход к 3; отдаёт 220.4%; оборот 96130 KZT"
100000003824464100,terminal,0.65,28,0.3434877678611819,"terminal: вход от 1, выход к 0; отдаёт 0.0%; оборот 200000 KZT; нет выхода в выборке"
100000003831201100,terminal,0.65,0,0.3363099530954851,"terminal: вход от 1, выход к 0; отдаёт 0.0%; оборот 40500 KZT; нет выхода в выборке"
100000003831324100,terminal,0.65,1,0.4341188356984124,"terminal: вход от 2, выход к 0; отдаёт 0.0%; оборот 300000 KZT; нет выхода в выборке"
100000003832231100,terminal,0.65,2,0.3713865446185746,"terminal: вход от 1, выход к 0; отдаёт 0.0%; оборот 35000 KZT; нет выхода в выборке"
100000003834495100,peripheral,0.4,0,0.4181374770167519,"peripheral: вход от 3, выход к 1; отдаёт 3.3%; оборот 622441 KZT"
100000003835149100,peripheral,0.4,20,0.38289236896425494,"peripheral: вход от 1, выход к 2; отдаёт 1851.3%; оборот 4848940 KZT"
100000003838587100,terminal,0.25,43,0.225267744131665,"terminal: вход от 1, выход к 0; отдаёт 0.0%; оборот 6000 KZT; возможен артефакт обрыва графа на 4 колене"
100000003843844100,peripheral,0.4,12,0.32738893478296527,"peripheral: вход от 1, выход к 1; отдаёт 1426.9%; оборот 254680 KZT"
100000003854444100,distributor,0.7027575122400405,48,0.5286037427000805,"distributor: вход от 1, выход к 14; отдаёт 1106.1%; оборот 2532909 KZT; рядом с входом ≤24ч: 35.2%"
100000003865939100,terminal,0.65,80,0.3469410878952413,"terminal: вход от 1, выход к 0; отдаёт 0.0%; оборот 81465 KZT; нет выхода в выборке"
100000003873332100,peripheral,0.4,48,0.3636203246083961,"peripheral: вход от 1, выход к 4; отдаёт 1218.7%; оборот 309468 KZT"
100000003877908100,terminal,0.65,2,0.3733510000986554,"terminal: вход от 1, выход к 0; отдаёт 0.0%; оборот 40000 KZT; нет выхода в выборке"
100000003880331100,distributor,0.6981079579851818,8,0.5324746191541597,"distributor: вход от 1, выход к 16; отдаёт 3904.9%; оборот 4004908 KZT; рядом с входом ≤24ч: 32.1%"
100000003886323100,peripheral,0.4,5,0.386042567194218,"peripheral: вход от 2, выход к 1; отдаёт 9.8%; оборот 85818 KZT"
100000003888197100,terminal,0.65,10,0.3501395801575016,"terminal: вход от 1, выход к 0; отдаёт 0.0%; оборот 83167 KZT; нет выхода в выборке"
100000003888271100,peripheral,0.4,45,0.3114650348163379,"peripheral: вход от 1, выход к 2; отдаёт 210.2%; оборот 37767 KZT"
100000003888527100,terminal,0.65,78,0.3072445049257182,"terminal: вход от 1, выход к 0; отдаёт 0.0%; оборот 30000 KZT; нет выхода в выборке"
100000003896956100,peripheral,0.4,5,0.28743140931694167,"peripheral: вход от 1, выход к 1; отдаёт 270.0%; оборот 37000 KZT"
100000003899325100,terminal,0.65,8,0.31479481874548687,"terminal: вход от 1, выход к 0; отдаёт 0.0%; оборот 50120 KZT; нет выхода в выборке"
100000003899899100,peripheral,0.4,5,0.37811724877134895,"peripheral: вход от 2, выход к 1; отдаёт 4.6%; оборот 228500 KZT"
100000003900547100,terminal,0.65,5,0.345093814900031,"terminal: вход от 1, выход к 0; отдаёт 0.0%; оборот 23700 KZT; нет выхода в выборке"
100000003904497100,terminal,0.25,47,0.24909912405590778,"terminal: вход от 1, выход к 0; отдаёт 0.0%; оборот 10000 KZT; возможен артефакт обрыва графа на 4 колене"
100000003917461100,peripheral,0.4,7,0.3230725838241816,"peripheral: вход от 1, выход к 2; отдаёт 1400.0%; оборот 150000 KZT"
100000003920950100,terminal,0.65,1,0.3422195643920995,"terminal: вход от 1, выход к 0; отдаёт 0.0%; оборот 323290 KZT; нет выхода в выборке"
100000003922499100,terminal,0.65,7,0.32309288639078165,"terminal: вход от 1, выход к 0; отдаёт 0.0%; оборот 50000 KZT; нет выхода в выборке"
100000003923946100,peripheral,0.4,44,0.396546452716442,"peripheral: вход от 1, выход к 4; отдаёт 239.4%; оборот 957000 KZT"
100000003927792100,terminal,0.65,3,0.3312455522744079,"terminal: вход от 1, выход к 0; отдаёт 0.0%; оборот 13067 KZT; нет выхода в выборке"
100000003934614100,peripheral,0.4,72,0.2988865191374174,"peripheral: вход от 2, выход к 1; отдаёт 67.6%; оборот 28500 KZT"
100000003942602100,transit,0.8,36,0.39322629236771356,"transit: вход от 1, выход к 1; отдаёт 100.0%; оборот 60000 KZT; рядом с входом ≤24ч: 100.0%"
100000003943247100,terminal,0.65,0,0.3277938647306297,"terminal: вход от 1, выход к 0; отдаёт 0.0%; оборот 40000 KZT; нет выхода в выборке"
100000003943483100,terminal,0.65,7,0.3157331992447455,"terminal: вход от 1, выход к 0; отдаёт 0.0%; оборот 10000 KZT; нет выхода в выборке"
100000003946524100,peripheral,0.4,2,0.38940637702571435,"peripheral: вход от 2, выход к 2; отдаёт 108.2%; оборот 278507 KZT"
100000003950749100,terminal,0.25,5,0.22753525197612834,"terminal: вход от 1, выход к 0; отдаёт 0.0%; оборот 7000 KZT; возможен артефакт обрыва графа на 4 колене"
100000003951827100,peripheral,0.4,0,0.29728977787465827,"peripheral: вход от 1, выход к 2; отдаёт 188.9%; оборот 26000 KZT"
100000003962994100,terminal,0.65,18,0.2910827496067512,"terminal: вход от 1, выход к 0; отдаёт 0.0%; оборот 10000 KZT; нет выхода в выборке"
100000003964910100,terminal,0.65,27,0.39893730216488676,"terminal: вход от 2, выход к 0; отдаёт 0.0%; оборот 1000000 KZT; нет выхода в выборке"
100000003968044100,peripheral,0.4,8,0.3472527393065268,"peripheral: вход от 1, выход к 3; отдаёт 777.5%; оборот 351000 KZT"
100000003970394100,terminal,0.65,7,0.3475660115766553,"terminal: вход от 1, выход к 0; отдаёт 0.0%; оборот 85000 KZT; нет выхода в выборке"
100000003971049100,terminal,0.65,0,0.34105096347811376,"terminal: вход от 1, выход к 0; отдаёт 0.0%; оборот 55900 KZT; нет выхода в выборке"
100000003975102100,peripheral,0.4,5,0.37773734053695346,"peripheral: вход от 1, выход к 2; отдаёт 345.0%; оборот 114150 KZT; вход seed неполон"
100000003977183100,peripheral,0.4,44,0.4372219616724769,"peripheral: вход от 2, выход к 4; отдаёт 618.7%; оборот 889800 KZT; вход seed неполон"
100000003980083100,terminal,0.65,71,0.3322445049257182,"terminal: вход от 1, выход к 0; отдаёт 0.0%; оборот 30000 KZT; нет выхода в выборке"
100000003985389100,terminal,0.25,8,0.315757502874661,"terminal: вход от 1, выход к 0; отдаёт 0.0%; оборот 422698 KZT; возможен артефакт обрыва графа на 4 колене"
100000003986141100,terminal,0.65,27,0.28170573721152564,"terminal: вход от 1, выход к 0; отдаёт 0.0%; оборот 5286 KZT; нет выхода в выборке"
100000003988112100,peripheral,0.4,54,0.338341872624294,"peripheral: вход от 1, выход к 1; отдаёт 69.6%; оборот 156000 KZT"
100000003989033100,terminal,0.25,11,0.2860388163720344,"terminal: вход от 1, выход к 0; отдаёт 0.0%; оборот 373400 KZT; возможен артефакт обрыва графа на 4 колене"
100000003996562100,terminal,0.65,0,0.28723800199954036,"terminal: вход от 1, выход к 0; отдаёт 0.0%; оборот 7700 KZT; нет выхода в выборке"
100000004004621100,terminal,0.65,12,0.47014919516217846,"terminal: вход от 3, выход к 0; отдаёт 0.0%; оборот 75389 KZT; нет выхода в выборке"
100000004005964100,peripheral,0.4,75,0.3799528589497581,"peripheral: вход от 3, выход к 3; отдаёт 73.5%; оборот 169900 KZT"
100000004006327100,terminal,0.25,47,0.28281885312970156,"terminal: вход от 1, выход к 0; отдаёт 0.0%; оборот 300000 KZT; возможен артефакт обрыва графа на 4 колене"
100000004007116100,peripheral,0.4,37,0.41668670995684176,"peripheral: вход от 3, выход к 4; отдаёт 19.4%; оборот 912704 KZT; вход seed неполон"
100000004007197100,terminal,0.65,37,0.291153191028649,"terminal: вход от 1, выход к 0; отдаёт 0.0%; оборот 10048 KZT; нет выхода в выборке"
100000004013952100,terminal,0.25,0,0.2239878594199105,"terminal: вход от 1, выход к 0; отдаёт 0.0%; оборот 5500 KZT; возможен артефакт обрыва графа на 4 колене"
100000004015047100,consolidator,0.8,44,0.686161374939847,"consolidator: вход от 9, выход к 1; отдаёт 7.5%; оборот 988299 KZT"
100000004017410100,distributor,0.656198742970062,72,0.46955881961449597,"distributor: вход от 2, выход к 5; отдаёт 687.3%; оборот 1524565 KZT; рядом с входом ≤24ч: 4.1%"
100000004019056100,terminal,0.25,12,0.2727759275066049,"terminal: вход от 1, выход к 0; отдаёт 0.0%; оборот 50000 KZT; возможен артефакт обрыва графа на 4 колене"
100000004019124100,terminal,0.55,5,0.4525500771509584,"terminal: вход от 3, выход к 0; отдаёт 0.0%; оборот 193000 KZT; вход seed неполон"
100000004021459100,peripheral,0.4,81,0.10600000000000001,"peripheral: вход от 0, выход к 0; отдаёт н/д (вход=0); оборот 0 KZT; вход seed неполон"
100000004030553100,terminal,0.25,8,0.26140889199757544,"terminal: вход от 1, выход к 0; отдаёт 0.0%; оборот 70000 KZT; возможен артефакт обрыва графа на 4 колене"
100000004035925100,terminal,0.25,82,0.3020879850101435,"terminal: вход от 1, выход к 0; отдаёт 0.0%; оборот 1111588 KZT; возможен артефакт обрыва графа на 4 колене"
100000004041163100,peripheral,0.4,54,0.4689034480299259,"peripheral: вход от 1, выход к 2; отдаёт 1732.0%; оборот 916000 KZT; вход seed неполон"
100000004041294100,terminal,0.25,13,0.24126447377428095,"terminal: вход от 1, выход к 0; отдаёт 0.0%; оборот 17800 KZT; возможен артефакт обрыва графа на 4 колене"
100000004047887100,terminal,0.25,30,0.27683805763532676,"terminal: вход от 1, выход к 0; отдаёт 0.0%; оборот 30000 KZT; возможен артефакт обрыва графа на 4 колене"
100000004049912100,terminal,0.25,48,0.23278200775124674,"terminal: вход от 1, выход к 0; отдаёт 0.0%; оборот 10000 KZT; возможен артефакт обрыва графа на 4 колене"
100000004058740100,terminal,0.65,36,0.3322445049257182,"terminal: вход от 1, выход к 0; отдаёт 0.0%; оборот 30000 KZT; нет выхода в выборке"
100000004064431100,peripheral,0.4,37,0.2905885911477327,"peripheral: вход от 1, выход к 1; отдаёт 38.5%; оборот 36000 KZT"
100000004066370100,terminal,0.25,25,0.260318634911849,"terminal: вход от 1, выход к 0; отдаёт 0.0%; оборот 65000 KZT; возможен артефакт обрыва графа на 4 колене"
100000004066647100,terminal,0.65,48,0.3150508826768209,"terminal: вход от 1, выход к 0; отдаёт 0.0%; оборот 51000 KZT; нет выхода в выборке"
100000004070318100,distributor,0.7223756931105716,0,0.568012853457293,"distributor: вход от 4, выход к 19; отдаёт 266.3%; оборот 759107 KZT; рядом с входом ≤24ч: 48.3%"
100000004070530100,terminal,0.25,30,0.2708731178472007,"terminal: вход от 1, выход к 0; отдаёт 0.0%; оборот 20000 KZT; возможен артефакт обрыва графа на 4 колене"
100000004071070100,peripheral,0.4,0,0.35803653318371076,"peripheral: вход от 2, выход к 1; отдаёт 14.6%; оборот 47000 KZT"
100000004071080100,consolidator,0.8,0,0.6153792040940633,"consolidator: вход от 9, выход к 2; отдаёт 19.5%; оборот 285100 KZT"
100000004071444100,peripheral,0.4,0,0.3233021362667895,"peripheral: вход от 1, выход к 1; отдаёт 40.4%; оборот 347350 KZT"
100000004076740100,distributor,0.668,72,0.4794044519908216,"distributor: вход от 3, выход к 6; отдаёт 134.0%; оборот 218250 KZT; рядом с входом ≤24ч: 12.0%"
100000004077081100,peripheral,0.4,2,0.3796356414675448,"peripheral: вход от 1, выход к 4; отдаёт 439.3%; оборот 755000 KZT"
100000004094958100,transit,0.8,83,0.39727354099798606,"transit: вход от 1, выход к 1; отдаёт 102.6%; оборот 79000 KZT; рядом с входом ≤24ч: 100.0%"
100000004096559100,terminal,0.65,1,0.3135966970412514,"terminal: вход от 1, выход к 0; отдаёт 0.0%; оборот 46200 KZT; нет выхода в выборке"
100000004097972100,peripheral,0.4,0,0.35042338807712975,"peripheral: вход от 1, выход к 2; отдаёт 8.4%; оборот 128878 KZT"
100000004099450100,terminal,0.65,0,0.3077268915494495,"terminal: вход от 1, выход к 0; отдаёт 0.0%; оборот 31000 KZT; нет выхода в выборке"
100000004105288100,terminal,0.65,2,0.4618518811356226,"terminal: вход от 2, выход к 0; отдаёт 0.0%; оборот 215000 KZT; нет выхода в выборке"
100000004107228100,terminal,0.25,2,0.23890304395740541,"terminal: вход от 1, выход к 0; отдаёт 0.0%; оборот 5000 KZT; возможен артефакт обрыва графа на 4 колене"
100000004114962100,terminal,0.65,10,0.40032352395447307,"terminal: вход от 2, выход к 0; отдаёт 0.0%; оборот 165000 KZT; нет выхода в выборке"
100000004130144100,terminal,0.65,1,0.36015443452784857,"terminal: вход от 1, выход к 0; отдаёт 0.0%; оборот 200000 KZT; нет выхода в выборке"
100000004134060100,terminal,0.65,38,0.36831377782075325,"terminal: вход от 1, выход к 0; отдаёт 0.0%; оборот 88179 KZT; нет выхода в выборке"
100000004135268100,transit,0.7774745050989802,67,0.4898996820392892,"transit: вход от 2, выход к 3; отдаёт 80.7%; оборот 2239200 KZT; рядом с входом ≤24ч: 85.0%"
100000004140487100,distributor,0.6698210205635948,2,0.46824935885331614,"distributor: вход от 1, выход к 10; отдаёт 1071.4%; оборот 287110 KZT; рядом с входом ≤24ч: 13.2%"
100000004140994100,terminal,0.65,33,0.3002514567242329,"terminal: вход от 1, выход к 0; отдаёт 0.0%; оборот 18650 KZT; нет выхода в выборке"
100000004144536100,terminal,0.65,37,0.44822057195653453,"terminal: вход от 4, выход к 0; отдаёт 0.0%; оборот 168000 KZT; нет выхода в выборке"
100000004150593100,distributor,0.7581060993038058,5,0.5391690022569694,"distributor: вход от 1, выход к 11; отдаёт 1528.4%; оборот 928165 KZT; рядом с входом ≤24ч: 72.1%"
100000004156082100,distributor,0.7938565828977615,3,0.6329917058512408,"distributor: вход от 5, выход к 26; отдаёт 614.7%; оборот 2696922 KZT; рядом с входом ≤24ч: 95.9%"
100000004158362100,terminal,0.65,0,0.3184152608555235,"terminal: вход от 1, выход к 0; отдаёт 0.0%; оборот 12000 KZT; нет выхода в выборке"
100000004159526100,peripheral,0.4,43,0.4706969687707553,"peripheral: вход от 4, выход к 4; отдаёт 24.7%; оборот 343037 KZT"
100000004160650100,distributor,0.7578224518685727,37,0.5189174585368124,"distributor: вход от 2, выход к 10; отдаёт 1983.8%; оборот 1564927 KZT; рядом с входом ≤24ч: 71.9%"
100000004167082100,terminal,0.25,12,0.25329429920814733,"terminal: вход от 1, выход к 0; отдаёт 0.0%; оборот 13300 KZT; возможен артефакт обрыва графа на 4 колене"
100000004174835100,peripheral,0.4,84,0.10600000000000001,"peripheral: вход от 0, выход к 0; отдаёт н/д (вход=0); оборот 0 KZT; вход seed неполон"
100000004177936100,terminal,0.25,8,0.23278200775124674,"terminal: вход от 1, выход к 0; отдаёт 0.0%; оборот 10000 KZT; возможен артефакт обрыва графа на 4 колене"
100000004180097100,peripheral,0.4,0,0.39643894725008166,"peripheral: вход от 3, выход к 3; отдаёт 45.6%; оборот 152654 KZT"
100000004183610100,peripheral,0.4,12,0.33497661849572596,"peripheral: вход от 1, выход к 1; отдаёт 4159.1%; оборот 937000 KZT"
100000004184158100,terminal,0.65,0,0.335431698918172,"terminal: вход от 1, выход к 0; отдаёт 0.0%; оборот 203805 KZT; нет выхода в выборке"
100000004185681100,terminal,0.65,2,0.2910827496067512,"terminal: вход от 1, выход к 0; отдаёт 0.0%; оборот 10000 KZT; нет выхода в выборке"
100000004186824100,peripheral,0.4,5,0.41491905834947485,"peripheral: вход от 2, выход к 1; отдаёт 1.5%; оборот 458700 KZT"
100000004188160100,distributor,0.6959774666407663,5,0.5000538092711366,"distributor: вход от 2, выход к 5; отдаёт 152.3%; оборот 221708 KZT; рядом с входом ≤24ч: 30.7%"
100000004192107100,terminal,0.65,2,0.3292127458522494,"terminal: вход от 1, выход к 0; отдаёт 0.0%; оборот 25000 KZT; нет выхода в выборке"
100000004192865100,terminal,0.65,26,0.32732503181050576,"terminal: вход от 1, выход к 0; отдаёт 0.0%; оборот 66666 KZT; нет выхода в выборке"
100000004193835100,peripheral,0.4,5,0.3790153312879728,"peripheral: вход от 1, выход к 1; отдаёт 10.6%; оборот 52000 KZT; вход seed неполон"
100000004200745100,terminal,0.25,7,0.28683318912241434,"terminal: вход от 1, выход к 0; отдаёт 0.0%; оборот 130000 KZT; возможен артефакт обрыва графа на 4 колене"
100000004206046100,terminal,0.65,5,0.33390189070699267,"terminal: вход от 1, выход к 0; отдаёт 0.0%; оборот 11075 KZT; нет выхода в выборке"
100000004209339100,peripheral,0.4,59,0.36552167800450946,"peripheral: вход от 1, выход к 2; отдаёт 172.2%; оборот 377000 KZT"
100000004213658100,terminal,0.65,36,0.329765085929528,"terminal: вход от 1, выход к 0; отдаёт 0.0%; оборот 25347 KZT; нет выхода в выборке"
100000004217419100,peripheral,0.4,8,0.3683562386339836,"peripheral: вход от 2, выход к 1; отдаёт 6.5%; оборот 125900 KZT"
100000004218576100,terminal,0.65,36,0.3302205406780689,"terminal: вход от 1, выход к 0; отдаёт 0.0%; оборот 26144 KZT; нет выхода в выборке"
100000004221668100,peripheral,0.4,44,0.4147659632347274,"peripheral: вход от 4, выход к 3; отдаёт 64.8%; оборот 1859740 KZT"
100000004222274100,terminal,0.25,0,0.2392290731767266,"terminal: вход от 1, выход к 0; отдаёт 0.0%; оборот 15500 KZT; возможен артефакт обрыва графа на 4 колене"
100000004225615100,terminal,0.65,4,0.3317402473846291,"terminal: вход от 1, выход к 0; отдаёт 0.0%; оборот 90000 KZT; нет выхода в выборке"
100000004226848100,terminal,0.65,2,0.4030850713069288,"terminal: вход от 1, выход к 0; отдаёт 0.0%; оборот 301866 KZT; нет выхода в выборке"
100000004232712100,terminal,0.25,10,0.263958886293318,"terminal: вход от 1, выход к 0; отдаёт 0.0%; оборот 12500 KZT; возможен артефакт обрыва графа на 4 колене"
100000004235471100,terminal,0.25,10,0.3031979361019881,"terminal: вход от 1, выход к 0; отдаёт 0.0%; оборот 180000 KZT; возможен артефакт обрыва графа на 4 колене"
100000004241142100,terminal,0.25,0,0.26376634628616225,"terminal: вход от 1, выход к 0; отдаёт 0.0%; оборот 27102 KZT; возможен артефакт обрыва графа на 4 колене"
100000004254434100,terminal,0.65,36,0.3380269548498538,"terminal: вход от 1, выход к 0; отдаёт 0.0%; оборот 44445 KZT; нет выхода в выборке"
100000004257714100,terminal,0.65,33,0.31539866556414614,"terminal: вход от 1, выход к 0; отдаёт 0.0%; оборот 52220 KZT; нет выхода в выборке"
100000004260869100,terminal,0.25,5,0.23278200775124674,"terminal: вход от 1, выход к 0; отдаёт 0.0%; оборот 10000 KZT; возможен артефакт обрыва графа на 4 колене"
100000004261340100,terminal,0.25,0,0.2723278220752345,"terminal: вход от 1, выход к 0; отдаёт 0.0%; оборот 48500 KZT; возможен артефакт обрыва графа на 4 колене"
100000004263867100,terminal,0.25,51,0.23123211189144066,"terminal: вход от 1, выход к 0; отдаёт 0.0%; оборот 9000 KZT; возможен артефакт обрыва графа на 4 колене"
100000004265639100,terminal,0.25,8,0.23278200775124674,"terminal: вход от 1, выход к 0; отдаёт 0.0%; оборот 10000 KZT; возможен артефакт обрыва графа на 4 колене"
100000004268036100,terminal,0.25,51,0.2239878594199105,"terminal: вход от 1, выход к 0; отдаёт 0.0%; оборот 5500 KZT; возможен артефакт обрыва графа на 4 колене"
100000004269433100,peripheral,0.4,3,0.35016525912126706,"peripheral: вход от 0, выход к 1; отдаёт н/д (вход=0); оборот 1372000 KZT; вход seed неполон"
100000004272302100,terminal,0.25,65,0.23278200775124674,"terminal: вход от 1, выход к 0; отдаёт 0.0%; оборот 10000 KZT; возможен артефакт обрыва графа на 4 колене"
100000004278574100,peripheral,0.4,10,0.3153564320930676,"peripheral: вход от 1, выход к 1; отдаёт 50.0%; оборот 37500 KZT"
100000004285800100,peripheral,0.4,0,0.3072716317052568,"peripheral: вход от 1, выход к 1; отдаёт 300.0%; оборот 20000 KZT"
100000004286573100,terminal,0.65,7,0.32352957840975277,"terminal: вход от 1, выход к 0; отдаёт 0.0%; оборот 16590 KZT; нет выхода в выборке"
100000004291560100,terminal,0.65,0,0.3302257326192369,"terminal: вход от 1, выход к 0; отдаёт 0.0%; оборот 47190 KZT; нет выхода в выборке"
100000004291663100,terminal,0.25,0,0.2625786706634116,"terminal: вход от 1, выход к 0; отдаёт 0.0%; оборот 25000 KZT; возможен артефакт обрыва графа на 4 колене"
100000004292885100,terminal,0.65,33,0.3267158906840053,"terminal: вход от 1, выход к 0; отдаёт 0.0%; оборот 112700 KZT; нет выхода в выборке"
100000004299488100,consolidator,0.8,0,0.6276463454657943,"consolidator: вход от 6, выход к 2; отдаёт 19.7%; оборот 2093999 KZT"
100000004315838100,peripheral,0.4,2,0.39709305943023626,"peripheral: вход от 2, выход к 1; отдаёт 36.0%; оборот 68000 KZT"
100000004318918100,terminal,0.65,11,0.39005327663370154,"terminal: вход от 1, выход к 0; отдаёт 0.0%; оборот 75600 KZT; нет выхода в выборке"
100000004321983100,peripheral,0.4,44,0.2896951533898135,"peripheral: вход от 1, выход к 2; отдаёт 333.9%; оборот 47040 KZT"
100000004325327100,peripheral,0.4,0,0.347733806041816,"peripheral: вход от 2, выход к 1; отдаёт 98.8%; оборот 140817 KZT"
100000004326224100,terminal,0.25,10,0.2870353635156775,"terminal: вход от 1, выход к 0; отдаёт 0.0%; оборот 60000 KZT; возможен артефакт обрыва графа на 4 колене"
100000004330371100,peripheral,0.4,5,0.40603510085975125,"peripheral: вход от 2, выход к 2; отдаёт 34.3%; оборот 354852 KZT"
100000004331458100,terminal,0.65,85,0.38687557748699153,"terminal: вход от 2, выход к 0; отдаёт 0.0%; оборот 250000 KZT; нет выхода в выборке"
100000004336228100,terminal,0.65,8,0.31516782157408757,"terminal: вход от 1, выход к 0; отдаёт 0.0%; оборот 51407 KZT; нет выхода в выборке"
100000004336312100,transit,0.7277357192016518,72,0.4315490370192708,"transit: вход от 3, выход к 2; отдаёт 80.4%; оборот 163065 KZT; рядом с входом ≤24ч: 51.8%"
100000004340038100,peripheral,0.4,12,0.3058678387531619,"peripheral: вход от 1, выход к 1; отдаёт 491.1%; оборот 58978 KZT"
100000004350094100,terminal,0.25,48,0.24297882328208775,"terminal: вход от 1, выход к 0; отдаёт 0.0%; оборот 20000 KZT; возможен артефакт обрыва графа на 4 колене"
100000004351795100,distributor,0.6817375453383093,0,0.5714189462589107,"distributor: вход от 3, выход к 14; отдаёт 1449.4%; оборот 1833494 KZT; рядом с входом ≤24ч: 21.2%"
100000004356593100,peripheral,0.4,2,0.3287173354901115,"peripheral: вход от 1, выход к 1; отдаёт 20.0%; оборот 60000 KZT"
100000004358004100,distributor,0.55,2,0.5154563096391754,"distributor: вход от 0, выход к 11; отдаёт н/д (вход=0); оборот 980850 KZT; рядом с входом ≤24ч: 0.0%; вход seed неполон"
100000004360785100,terminal,0.65,5,0.3654737012604942,"terminal: вход от 1, выход к 0; отдаёт 0.0%; оборот 94705 KZT; нет выхода в выборке"
100000004368189100,peripheral,0.4,23,0.3678982022965122,"peripheral: вход от 1, выход к 2; отдаёт 7.3%; оборот 412800 KZT"
100000004377043100,terminal,0.25,15,0.22451324845310167,"terminal: вход от 1, выход к 0; отдаёт 0.0%; оборот 5700 KZT; возможен артефакт обрыва графа на 4 колене"
100000004379306100,terminal,0.25,8,0.2387467023707469,"terminal: вход от 1, выход к 0; отдаёт 0.0%; оборот 15000 KZT; возможен артефакт обрыва графа на 4 колене"
100000004386258100,peripheral,0.4,7,0.38926039129983686,"peripheral: вход от 3, выход к 3; отдаёт 64.8%; оборот 101700 KZT"
100000004386286100,terminal,0.25,7,0.252381708032866,"terminal: вход от 1, выход к 0; отдаёт 0.0%; оборот 12500 KZT; возможен артефакт обрыва графа на 4 колене"
100000004386331100,peripheral,0.4,7,0.30671536864335575,"peripheral: вход от 1, выход к 2; отдаёт 87.5%; оборот 37500 KZT"
100000004388209100,terminal,0.65,36,0.318517566404125,"terminal: вход от 1, выход к 0; отдаёт 0.0%; оборот 11800 KZT; нет выхода в выборке"
100000004388353100,terminal,0.65,11,0.4336700908810364,"terminal: вход от 2, выход к 0; отдаёт 0.0%; оборот 62960 KZT; нет выхода в выборке"
100000004388983100,peripheral,0.4,86,0.3550016040754791,"peripheral: вход от 0, выход к 2; отдаёт н/д (вход=0); оборот 450816 KZT; вход seed неполон"
100000004390333100,distributor,0.6825765054294176,0,0.5215960867448456,"distributor: вход от 2, выход к 9; отдаёт 784.6%; оборот 571058 KZT; рядом с входом ≤24ч: 21.7%"
100000004394765100,peripheral,0.4,5,0.45900834925761635,"peripheral: вход от 3, выход к 2; отдаёт 13.7%; оборот 686344 KZT"
100000004398811100,peripheral,0.4,2,0.36030650631026,"peripheral: вход от 1, выход к 3; отдаёт 244.3%; оборот 1466672 KZT"
100000004399686100,terminal,0.65,20,0.35565940932452444,"terminal: вход от 1, выход к 0; отдаёт 0.0%; оборот 806000 KZT; нет выхода в выборке"
100000004400305100,distributor,0.728476354336169,0,0.6519478714158633,"distributor: вход от 7, выход к 82; отдаёт 2616.8%; оборот 6052981 KZT; рядом с входом ≤24ч: 52.3%"
100000004400361100,terminal,0.65,5,0.3362903346127712,"terminal: вход от 1, выход к 0; отдаёт 0.0%; оборот 10000 KZT; нет выхода в выборке"
100000004400480100,terminal,0.25,23,0.24417896686609913,"terminal: вход от 1, выход к 0; отдаёт 0.0%; оборот 21700 KZT; возможен артефакт обрыва графа на 4 колене"
100000004403548100,terminal,0.25,8,0.22258592765274438,"terminal: вход от 1, выход к 0; отдаёт 0.0%; оборот 5000 KZT; возможен артефакт обрыва графа на 4 колене"
100000004403641100,terminal,0.25,23,0.2745919755266549,"terminal: вход от 1, выход к 0; отдаёт 0.0%; оборот 171500 KZT; возможен артефакт обрыва графа на 4 колене"
100000004403675100,distributor,0.73103544025478,54,0.5273236162873669,"distributor: вход от 4, выход к 5; отдаёт 144.7%; оборот 447679 KZT; рядом с входом ≤24ч: 54.0%"
100000004407753100,peripheral,0.4,15,0.3235523727294178,"peripheral: вход от 1, выход к 1; отдаёт 40.0%; оборот 350000 KZT"
100000004408683100,terminal,0.65,5,0.40816660218852757,"terminal: вход от 2, выход к 0; отдаёт 0.0%; оборот 112920 KZT; нет выхода в выборке"
100000004410489100,terminal,0.65,2,0.3405422283792128,"terminal: вход от 1, выход к 0; отдаёт 0.0%; оборот 54000 KZT; нет выхода в выборке"
100000004417753100,terminal,0.65,2,0.3909835125015031,"terminal: вход от 2, выход к 0; отдаёт 0.0%; оборот 192099 KZT; нет выхода в выборке"
100000004418967100,terminal,0.25,47,0.26665621515808063,"terminal: вход от 1, выход к 0; отдаёт 0.0%; оборот 100000 KZT; возможен артефакт обрыва графа на 4 колене"
100000004420041100,distributor,0.65,7,0.4637832111072452,"distributor: вход от 1, выход к 7; отдаёт 936.0%; оборот 721468 KZT; рядом с входом ≤24ч: 0.0%"
100000004424023100,peripheral,0.4,44,0.3442513187160737,"peripheral: вход от 1, выход к 1; отдаёт 200.0%; оборот 150000 KZT"
100000004433250100,terminal,0.25,0,0.24581661362383778,"terminal: вход от 1, выход к 0; отдаёт 0.0%; оборот 8000 KZT; возможен артефакт обрыва графа на 4 колене"
100000004435304100,terminal,0.65,29,0.3135853518653214,"terminal: вход от 1, выход к 0; отдаёт 0.0%; оборот 26200 KZT; нет выхода в выборке"
100000004441291100,terminal,0.65,2,0.34648715014361225,"terminal: вход от 1, выход к 0; отдаёт 0.0%; оборот 20000 KZT; нет выхода в выборке"
100000004445291100,terminal,0.65,13,0.3009071095118494,"terminal: вход от 1, выход к 0; отдаёт 0.0%; оборот 19500 KZT; нет выхода в выборке"
100000004449824100,terminal,0.25,51,0.23123211189144066,"terminal: вход от 1, выход к 0; отдаёт 0.0%; оборот 9000 KZT; возможен артефакт обрыва графа на 4 колене"
100000004450649100,peripheral,0.4,10,0.39200257088736107,"peripheral: вход от 2, выход к 2; отдаёт 24.2%; оборот 239055 KZT"
100000004451012100,peripheral,0.4,48,0.32812667892513464,"peripheral: вход от 1, выход к 3; отдаёт 72.0%; оборот 156985 KZT"
100000004456564100,terminal,0.65,43,0.3273103775051975,"terminal: вход от 1, выход к 0; отдаёт 0.0%; оборот 10000 KZT; нет выхода в выборке"
100000004463277100,terminal,0.65,35,0.31784562627922125,"terminal: вход от 1, выход к 0; отдаёт 0.0%; оборот 35000 KZT; нет выхода в выборке"
100000004467157100,peripheral,0.4,72,0.29580779720484923,"peripheral: вход от 1, выход к 1; отдаёт 35.0%; оборот 27000 KZT"
100000004472936100,terminal,0.25,12,0.23890304395740541,"terminal: вход от 1, выход к 0; отдаёт 0.0%; оборот 5000 KZT; возможен артефакт обрыва графа на 4 колене"
100000004475818100,peripheral,0.4,10,0.30656900827315836,"peripheral: вход от 1, выход к 3; отдаёт 415.3%; оборот 66989 KZT"
100000004479404100,peripheral,0.4,56,0.40879960364427914,"peripheral: вход от 2, выход к 1; отдаёт 20.1%; оборот 1792000 KZT"
100000004480280100,peripheral,0.4,2,0.3845465876273301,"peripheral: вход от 1, выход к 2; отдаёт 201.7%; оборот 442544 KZT"
100000004486525100,peripheral,0.4,0,0.44255740452451164,"peripheral: вход от 8, выход к 2; отдаёт 75.1%; оборот 631969 KZT"
100000004488265100,terminal,0.65,8,0.3110058778000917,"terminal: вход от 1, выход к 0; отдаёт 0.0%; оборот 38740 KZT; нет выхода в выборке"
100000004491749100,terminal,0.65,44,0.3147595530574483,"terminal: вход от 1, выход к 0; отдаёт 0.0%; оборот 50000 KZT; нет выхода в выборке"
100000004491881100,terminal,0.65,36,0.32401281036284485,"terminal: вход от 1, выход к 0; отдаёт 0.0%; оборот 17144 KZT; нет выхода в выборке"
100000004493586100,terminal,0.65,0,0.2868508738517791,"terminal: вход от 1, выход к 0; отдаёт 0.0%; оборот 7500 KZT; нет выхода в выборке"
100000004494983100,terminal,0.65,36,0.3345122929458879,"terminal: вход от 1, выход к 0; отдаёт 0.0%; оборот 35000 KZT; нет выхода в выборке"
100000004497606100,terminal,0.65,36,0.3225620490002967,"terminal: вход от 1, выход к 0; отдаёт 0.0%; оборот 15534 KZT; нет выхода в выборке"
100000004500444100,peripheral,0.4,43,0.34465263992361533,"peripheral: вход от 2, выход к 1; отдаёт 41.1%; оборот 254000 KZT"
100000004500781100,terminal,0.25,43,0.262226421862434,"terminal: вход от 1, выход к 0; отдаёт 0.0%; оборот 74000 KZT; возможен артефакт обрыва графа на 4 колене"
100000004502048100,terminal,0.25,48,0.23761359182268676,"terminal: вход от 1, выход к 0; отдаёт 0.0%; оборот 13888 KZT; возможен артефакт обрыва графа на 4 колене"
100000004508696100,peripheral,0.4,18,0.3148981786089245,"peripheral: вход от 1, выход к 3; отдаёт 1585.7%; оборот 118000 KZT"
100000004509286100,terminal,0.65,2,0.3733510000986554,"terminal: вход от 1, выход к 0; отдаёт 0.0%; оборот 40000 KZT; нет выхода в выборке"
100000004526651100,terminal,0.25,47,0.26666303400083263,"terminal: вход от 1, выход к 0; отдаёт 0.0%; оборот 33000 KZT; возможен артефакт обрыва графа на 4 колене"
100000004527381100,peripheral,0.4,3,0.3142174838726157,"peripheral: вход от 1, выход к 1; отдаёт 229.5%; оборот 393199 KZT"
100000004539443100,terminal,0.65,2,0.37434389474252694,"terminal: вход от 2, выход к 0; отдаёт 0.0%; оборот 61990 KZT; нет выхода в выборке"
100000004544958100,peripheral,0.4,11,0.38337356142194223,"peripheral: вход от 1, выход к 2; отдаёт 13.8%; оборот 191200 KZT"
100000004549591100,terminal,0.25,18,0.25616159585823406,"terminal: вход от 1, выход к 0; отдаёт 0.0%; оборот 49000 KZT; возможен артефакт обрыва графа на 4 колене"
100000004552204100,peripheral,0.4,46,0.30220028318101716,"peripheral: вход от 1, выход к 2; отдаёт 44.4%; оборот 32500 KZT"
100000004553349100,terminal,0.65,10,0.2873427003258595,"terminal: вход от 1, выход к 0; отдаёт 0.0%; оборот 7755 KZT; нет выхода в выборке"
100000004559194100,terminal,0.65,5,0.38153396886807406,"terminal: вход от 1, выход к 0; отдаёт 0.0%; оборот 282145 KZT; нет выхода в выборке"
100000004564736100,terminal,0.65,28,0.31336456053091244,"terminal: вход от 1, выход к 0; отдаёт 0.0%; оборот 15000 KZT; нет выхода в выборке"
100000004569484100,peripheral,0.4,17,0.36011335230448144,"peripheral: вход от 2, выход к 4; отдаёт 158.7%; оборот 254312 KZT"
100000004569637100,terminal,0.25,8,0.2239878594199105,"terminal: вход от 1, выход к 0; отдаёт 0.0%; оборот 5500 KZT; возможен артефакт обрыва графа на 4 колене"
100000004571634100,terminal,0.25,11,0.24297882328208775,"terminal: вход от 1, выход к 0; отдаёт 0.0%; оборот 20000 KZT; возможен артефакт обрыва графа на 4 колене"
100000004573782100,terminal,0.65,1,0.3053807775595847,"terminal: вход от 1, выход к 0; отдаёт 0.0%; оборот 15000 KZT; нет выхода в выборке"
100000004580202100,peripheral,0.4,28,0.32804843121999344,"peripheral: вход от 1, выход к 3; отдаёт 500.0%; оборот 54000 KZT"
100000004580254100,terminal,0.65,27,0.3463029076681327,"terminal: вход от 2, выход к 0; отдаёт 0.0%; оборот 27940 KZT; нет выхода в выборке"
100000004584730100,terminal,0.25,56,0.25554852174333725,"terminal: вход от 1, выход к 0; отдаёт 0.0%; оборот 47000 KZT; возможен артефакт обрыва графа на 4 колене"
100000004586598100,terminal,0.25,24,0.2965183899261909,"terminal: вход от 1, выход к 0; отдаёт 0.0%; оборот 761255 KZT; возможен артефакт обрыва графа на 4 колене"
100000004587414100,terminal,0.65,10,0.4175909832751787,"terminal: вход от 2, выход к 0; отдаёт 0.0%; оборот 533603 KZT; нет выхода в выборке"
100000004588479100,terminal,0.65,5,0.3747267552833631,"terminal: вход от 1, выход к 0; отдаёт 0.0%; оборот 177633 KZT; нет выхода в выборке"
100000004591973100,peripheral,0.4,7,0.30346074071173784,"peripheral: вход от 1, выход к 1; отдаёт 1000.0%; оборот 110000 KZT"
100000004592467100,terminal,0.65,2,0.2941693271649661,"terminal: вход от 1, выход к 0; отдаёт 0.0%; оборот 7000 KZT; нет выхода в выборке"
100000004596284100,terminal,0.25,5,0.24894376307021376,"terminal: вход от 1, выход к 0; отдаёт 0.0%; оборот 30000 KZT; возможен артефакт обрыва графа на 4 колене"
100000004601193100,terminal,0.25,11,0.26409116375714276,"terminal: вход от 1, выход к 0; отдаёт 0.0%; оборот 84000 KZT; возможен артефакт обрыва графа на 4 колене"
100000004603109100,peripheral,0.4,20,0.44411595291905664,"peripheral: вход от 3, выход к 2; отдаёт 14.7%; оборот 3130000 KZT"
100000004610802100,terminal,0.25,64,0.2795971594095216,"terminal: вход от 1, выход к 0; отдаёт 0.0%; оборот 241000 KZT; возможен артефакт обрыва графа на 4 колене"
100000004611571100,terminal,0.65,0,0.31936207410841705,"terminal: вход от 1, выход к 0; отдаёт 0.0%; оборот 22550 KZT; нет выхода в выборке"
100000004613582100,peripheral,0.4,1,0.2573332014573032,"peripheral: вход от 1, выход к 1; отдаёт 190.0%; оборот 14500 KZT"
100000004616845100,terminal,0.25,49,0.24312520483261202,"terminal: вход от 1, выход к 0; отдаёт 0.0%; оборот 20200 KZT; возможен артефакт обрыва графа на 4 колене"
100000004622227100,peripheral,0.4,0,0.33304626492198325,"peripheral: вход от 1, выход к 3; отдаёт 76.2%; оборот 43931 KZT"
100000004629688100,peripheral,0.4,3,0.2899583412643497,"peripheral: вход от 1, выход к 1; отдаёт 300.0%; оборот 20000 KZT"
100000004634420100,terminal,0.65,33,0.305223916528557,"terminal: вход от 1, выход к 0; отдаёт 0.0%; оборот 26150 KZT; нет выхода в выборке"
100000004635886100,terminal,0.65,5,0.3196527570966193,"terminal: вход от 1, выход к 0; отдаёт 0.0%; оборот 23000 KZT; нет выхода в выборке"
100000004644615100,peripheral,0.4,11,0.3222655418134462,"peripheral: вход от 1, выход к 2; отдаёт 747.2%; оборот 430475 KZT"
100000004652395100,terminal,0.25,0,0.3310327224611117,"terminal: вход от 3, выход к 0; отдаёт 0.0%; оборот 101528 KZT; возможен артефакт обрыва графа на 4 колене"
100000004655046100,terminal,0.25,17,0.24566100747564645,"terminal: вход от 1, выход к 0; отдаёт 0.0%; оборот 24000 KZT; возможен артефакт обрыва графа на 4 колене"
100000004657034100,terminal,0.65,10,0.35793214728397216,"terminal: вход от 1, выход к 0; отдаёт 0.0%; оборот 141250 KZT; нет выхода в выборке"
100000004659919100,peripheral,0.4,52,0.3287739440262785,"peripheral: вход от 1, выход к 1; отдаёт 35.5%; оборот 149000 KZT"
100000004662806100,peripheral,0.4,7,0.38370340025477223,"peripheral: вход от 2, выход к 2; отдаёт 56.2%; оборот 166485 KZT"
100000004664515100,terminal,0.65,0,0.33560202576466075,"terminal: вход от 1, выход к 0; отдаёт 0.0%; оборот 37691 KZT; нет выхода в выборке"
100000004664905100,terminal,0.65,5,0.42390009726475986,"terminal: вход от 2, выход к 0; отдаёт 0.0%; оборот 329020 KZT; нет выхода в выборке"
100000004666651100,terminal,0.65,87,0.39159782694534784,"terminal: вход от 1, выход к 0; отдаёт 0.0%; оборот 429250 KZT; нет выхода в выборке"
100000004670388100,peripheral,0.4,6,0.332790970629822,"peripheral: вход от 1, выход к 2; отдаёт 449.0%; оборот 880354 KZT"
100000004671609100,terminal,0.65,23,0.32495695701358507,"terminal: вход от 1, выход к 0; отдаёт 0.0%; оборот 100000 KZT; нет выхода в выборке"
100000004673335100,terminal,0.25,34,0.2633733737479514,"terminal: вход от 1, выход к 0; отдаёт 0.0%; оборот 80000 KZT; возможен артефакт обрыва графа на 4 колене"
100000004674178100,terminal,0.25,13,0.24297882328208775,"terminal: вход от 1, выход к 0; отдаёт 0.0%; оборот 20000 KZT; возможен артефакт обрыва графа на 4 колене"
100000004674389100,terminal,0.25,11,0.2387467023707469,"terminal: вход от 1, выход к 0; отдаёт 0.0%; оборот 15000 KZT; возможен артефакт обрыва графа на 4 колене"
100000004674412100,terminal,0.25,11,0.2552321301952378,"terminal: вход от 1, выход к 0; отдаёт 0.0%; оборот 46000 KZT; возможен артефакт обрыва графа на 4 колене"
100000004674799100,terminal,0.65,0,0.3661347077407431,"terminal: вход от 1, выход к 0; отдаёт 0.0%; оборот 140000 KZT; нет выхода в выборке"
100000004676985100,peripheral,0.4,0,0.29955065065447767,"peripheral: вход от 1, выход к 1; отдаёт 84.0%; оборот 59362 KZT"
100000004677680100,peripheral,0.4,11,0.38231920806663516,"peripheral: вход от 2, выход к 1; отдаёт 266.7%; оборот 231000 KZT"
100000004679953100,peripheral,0.4,8,0.4491191232766001,"peripheral: вход от 3, выход к 3; отдаёт 9.9%; оборот 377638 KZT"
100000004687099100,terminal,0.65,1,0.31557783825905156,"terminal: вход от 1, выход к 0; отдаёт 0.0%; оборот 30000 KZT; нет выхода в выборке"
100000004687282100,terminal,0.65,5,0.30961289847092555,"terminal: вход от 1, выход к 0; отдаёт 0.0%; оборот 20000 KZT; нет выхода в выборке"
100000004689658100,peripheral,0.4,8,0.34009282303606636,"peripheral: вход от 1, выход к 1; отдаёт 1.6%; оборот 463192 KZT"
100000004691350100,terminal,0.25,6,0.2369771829034863,"terminal: вход от 1, выход к 0; отдаёт 0.0%; оборот 13300 KZT; возможен артефакт обрыва графа на 4 колене"
100000004692798100,peripheral,0.4,7,0.38757940207339114,"peripheral: вход от 2, выход к 1; отдаёт 6.2%; оборот 255305 KZT"
100000004697956100,peripheral,0.4,44,0.2620640466992368,"peripheral: вход от 1, выход к 1; отдаёт 100.0%; оборот 20000 KZT"
100000004698193100,peripheral,0.4,44,0.386890617992425,"peripheral: вход от 2, выход к 3; отдаёт 17.1%; оборот 260700 KZT"
100000004707703100,distributor,0.7684977336499029,5,0.512075116429798,"distributor: вход от 2, выход к 5; отдаёт 96.8%; оборот 470950 KZT; рядом с входом ≤24ч: 79.0%"
100000004713684100,terminal,0.65,0,0.3268444013432189,"terminal: вход от 1, выход к 0; отдаёт 0.0%; оборот 37500 KZT; нет выхода в выборке"
100000004714705100,peripheral,0.4,54,0.2968297537398146,"peripheral: вход от 0, выход к 1; отдаёт н/д (вход=0); оборот 36550 KZT; вход seed неполон"
100000004715209100,distributor,0.6564203167356256,55,0.4411851644826676,"distributor: вход от 1, выход к 5; отдаёт 7009.0%; оборот 355450 KZT; рядом с входом ≤24ч: 4.3%"
100000004717647100,distributor,0.6531473214285715,56,0.46962575327679407,"distributor: вход от 1, выход к 5; отдаёт 746.7%; оборот 2540000 KZT; рядом с входом ≤24ч: 2.1%"
100000004722630100,terminal,0.25,6,0.2846602420577129,"terminal: вход от 1, выход к 0; отдаёт 0.0%; оборот 340000 KZT; возможен артефакт обрыва графа на 4 колене"
100000004722765100,peripheral,0.4,65,0.35990406210405396,"peripheral: вход от 1, выход к 3; отдаёт 993.3%; оборот 2514500 KZT"
100000004723755100,peripheral,0.4,2,0.310882303627282,"peripheral: вход от 0, выход к 1; отдаёт н/д (вход=0); оборот 95000 KZT; вход seed неполон"
100000004726132100,peripheral,0.4,0,0.33518775878920826,"peripheral: вход от 1, выход к 1; отдаёт 6.9%; оборот 373000 KZT"
100000004732589100,terminal,0.65,11,0.34538443585431705,"terminal: вход от 1, выход к 0; отдаёт 0.0%; оборот 227520 KZT; нет выхода в выборке"
100000004737477100,peripheral,0.4,0,0.34996444633902335,"peripheral: вход от 2, выход к 1; отдаёт 81.7%; оборот 90098 KZT"
100000004737764100,terminal,0.65,2,0.3513171215388337,"terminal: вход от 1, выход к 0; отдаёт 0.0%; оборот 600000 KZT; нет выхода в выборке"
100000004739664100,peripheral,0.4,36,0.29384963601204206,"peripheral: вход от 1, выход к 1; отдаёт 83.3%; оборот 22000 KZT"
100000004741837100,terminal,0.65,5,0.3462260163986921,"terminal: вход от 1, выход к 0; отдаёт 0.0%; оборот 25596 KZT; нет выхода в выборке"
100000004744306100,peripheral,0.4,54,0.36069090686633176,"peripheral: вход от 1, выход к 2; отдаёт 133.3%; оборот 161000 KZT"
100000004746397100,peripheral,0.4,10,0.35689468449816825,"peripheral: вход от 1, выход к 1; отдаёт 3.4%; оборот 227020 KZT"
100000004747154100,terminal,0.25,55,0.2607644791349384,"terminal: вход от 1, выход к 0; отдаёт 0.0%; оборот 67000 KZT; возможен артефакт обрыва графа на 4 колене"
100000004750321100,terminal,0.65,17,0.3828131264689208,"terminal: вход от 2, выход к 0; отдаёт 0.0%; оборот 50185 KZT; нет выхода в выборке"
100000004750897100,terminal,0.65,3,0.3189770441718641,"terminal: вход от 1, выход к 0; отдаёт 0.0%; оборот 10000 KZT; нет выхода в выборке"
100000004756901100,terminal,0.65,5,0.37644483879251217,"terminal: вход от 1, выход к 0; отдаёт 0.0%; оборот 153248 KZT; нет выхода в выборке"
100000004759121100,peripheral,0.4,0,0.48113231502518516,"peripheral: вход от 6, выход к 2; отдаёт 43.9%; оборот 1022000 KZT"
100000004765639100,peripheral,0.4,0,0.28216357873862874,"peripheral: вход от 1, выход к 2; отдаёт 220.0%; оборот 16000 KZT"
100000004770073100,transit,0.8,0,0.34317453657304503,"transit: вход от 1, выход к 1; отдаёт 100.1%; оборот 10929 KZT; рядом с входом ≤24ч: 100.0%"
100000004777215100,terminal,0.25,32,0.2754581852552256,"terminal: вход от 1, выход к 0; отдаёт 0.0%; оборот 60000 KZT; возможен артефакт обрыва графа на 4 колене"
100000004779204100,peripheral,0.4,0,0.3030781114850964,"peripheral: вход от 1, выход к 1; отдаёт 65.7%; оборот 50450 KZT"
100000004780083100,terminal,0.25,64,0.2327805366291653,"terminal: вход от 1, выход к 0; отдаёт 0.0%; оборот 9999 KZT; возможен артефакт обрыва графа на 4 колене"
100000004780327100,terminal,0.25,51,0.23546406936202469,"terminal: вход от 1, выход к 0; отдаёт 0.0%; оборот 12000 KZT; возможен артефакт обрыва графа на 4 колене"
100000004783447100,terminal,0.65,36,0.33025201853198805,"terminal: вход от 1, выход к 0; отдаёт 0.0%; оборот 26200 KZT; нет выхода в выборке"
100000004784224100,peripheral,0.4,20,0.31384667748237177,"peripheral: вход от 1, выход к 1; отдаёт 425.5%; оборот 123500 KZT"
100000004788983100,terminal,0.25,0,0.26371087455295006,"terminal: вход от 1, выход к 0; отдаёт 0.0%; оборот 27000 KZT; возможен артефакт обрыва графа на 4 колене"
100000004790991100,terminal,0.65,5,0.3791178184411181,"terminal: вход от 1, выход к 0; отдаёт 0.0%; оборот 239413 KZT; нет выхода в выборке"
100000004791226100,terminal,0.25,0,0.2592959395867488,"terminal: вход от 1, выход к 0; отдаёт 0.0%; оборот 20000 KZT; возможен артефакт обрыва графа на 4 колене"
100000004792397100,terminal,0.65,36,0.34543142526570736,"terminal: вход от 1, выход к 0; отдаёт 0.0%; оборот 73520 KZT; нет выхода в выборке"
100000004797167100,terminal,0.25,8,0.24942614969394505,"terminal: вход от 1, выход к 0; отдаёт 0.0%; оборот 31000 KZT; возможен артефакт обрыва графа на 4 колене"
100000004798515100,terminal,0.25,7,0.2768536926723441,"terminal: вход от 1, выход к 0; отдаёт 0.0%; оборот 200000 KZT; возможен артефакт обрыва графа на 4 колене"
100000004800452100,terminal,0.25,10,0.2544398640848978,"terminal: вход от 1, выход к 0; отдаёт 0.0%; оборот 6545 KZT; возможен артефакт обрыва графа на 4 колене"
100000004800648100,terminal,0.25,7,0.2706288078033228,"terminal: вход от 1, выход к 0; отдаёт 0.0%; оборот 131000 KZT; возможен артефакт обрыва графа на 4 колене"
100000004806903100,terminal,0.65,2,0.3522743317607421,"terminal: вход от 1, выход к 0; отдаёт 0.0%; оборот 18000 KZT; нет выхода в выборке"
100000004813068100,peripheral,0.4,20,0.3639108153811327,"peripheral: вход от 0, выход к 3; отдаёт н/д (вход=0); оборот 297000 KZT; вход seed неполон"
100000004816564100,peripheral,0.4,3,0.36939229357472353,"peripheral: вход от 1, выход к 1; отдаёт 1.8%; оборот 290480 KZT"
100000004820260100,peripheral,0.4,3,0.3734036572395047,"peripheral: вход от 1, выход к 3; отдаёт 92.0%; оборот 449550 KZT"
100000004825069100,terminal,0.65,29,0.31557783825905156,"terminal: вход от 1, выход к 0; отдаёт 0.0%; оборот 30000 KZT; нет выхода в выборке"
100000004840086100,terminal,0.25,0,0.26665621515808063,"terminal: вход от 1, выход к 0; отдаёт 0.0%; оборот 100000 KZT; возможен артефакт обрыва графа на 4 колене"
100000004841728100,terminal,0.65,36,0.3403952844767741,"terminal: вход от 1, выход к 0; отдаёт 0.0%; оборот 52208 KZT; нет выхода в выборке"
100000004847758100,distributor,0.6760842880523732,2,0.548168364415129,"distributor: вход от 4, выход к 15; отдаёт 424.4%; оборот 603971 KZT; рядом с входом ≤24ч: 17.4%"
100000004848236100,terminal,0.25,0,0.2448672483009357,"terminal: вход от 1, выход к 0; отдаёт 0.0%; оборот 7500 KZT; возможен артефакт обрыва графа на 4 колене"
100000004850609100,terminal,0.25,0,0.23278200775124674,"terminal: вход от 1, выход к 0; отдаёт 0.0%; оборот 10000 KZT; возможен артефакт обрыва графа на 4 колене"
100000004856746100,terminal,0.25,72,0.24297882328208775,"terminal: вход от 1, выход к 0; отдаёт 0.0%; оборот 20000 KZT; возможен артефакт обрыва графа на 4 колене"
100000004877085100,peripheral,0.4,12,0.34311311257047783,"peripheral: вход от 1, выход к 3; отдаёт 382.4%; оборот 120600 KZT"
100000004889043100,terminal,0.65,0,0.40767735725439663,"terminal: вход от 2, выход к 0; отдаёт 0.0%; оборот 272000 KZT; нет выхода в выборке"
100000004890713100,terminal,0.25,17,0.26967042815920717,"terminal: вход от 1, выход к 0; отдаёт 0.0%; оборот 40485 KZT; возможен артефакт обрыва графа на 4 колене"
100000004891562100,terminal,0.25,51,0.2671481012873264,"terminal: вход от 1, выход к 0; отдаёт 0.0%; оборот 103400 KZT; возможен артефакт обрыва графа на 4 колене"
100000004892144100,peripheral,0.4,20,0.4228329457852949,"peripheral: вход от 2, выход к 1; отдаёт 4.0%; оборот 4680300 KZT"
100000004904960100,terminal,0.65,0,0.39350649333761706,"terminal: вход от 2, выход к 0; отдаёт 0.0%; оборот 32000 KZT; нет выхода в выборке"
100000004905207100,terminal,0.65,43,0.38082495394707316,"terminal: вход от 1, выход к 0; отдаёт 0.0%; оборот 380000 KZT; нет выхода в выборке"
100000004906181100,distributor,0.6692850548252075,19,0.5132794764238611,"distributor: вход от 1, выход к 7; отдаёт 2473.4%; оборот 2573418 KZT; рядом с входом ≤24ч: 12.9%"
100000004908173100,terminal,0.25,47,0.24369658702153124,"terminal: вход от 1, выход к 0; отдаёт 0.0%; оборот 21000 KZT; возможен артефакт обрыва графа на 4 колене"
100000004911971100,terminal,0.25,19,0.27910584565549645,"terminal: вход от 1, выход к 0; отдаёт 0.0%; оборот 35000 KZT; возможен артефакт обрыва графа на 4 колене"
100000004917367100,terminal,0.65,10,0.3956384799946652,"terminal: вход от 2, выход к 0; отдаёт 0.0%; оборот 120000 KZT; нет выхода в выборке"
100000004921657100,peripheral,0.4,2,0.2845844488970066,"peripheral: вход от 1, выход к 1; отдаёт 267.3%; оборот 30490 KZT"
100000004931931100,peripheral,0.4,0,0.2965863230977587,"peripheral: вход от 1, выход к 1; отдаёт 188.0%; оборот 68938 KZT"
100000004948177100,terminal,0.65,5,0.4565359536704028,"terminal: вход от 3, выход к 0; отдаёт 0.0%; оборот 437163 KZT; нет выхода в выборке"
100000004950490100,terminal,0.65,1,0.2994160829400845,"terminal: вход от 1, выход к 0; отдаёт 0.0%; оборот 10000 KZT; нет выхода в выборке"
100000004959752100,terminal,0.65,2,0.33968908390814806,"terminal: вход от 1, выход к 0; отдаёт 0.0%; оборот 22200 KZT; нет выхода в выборке"
100000004962193100,consolidator,0.8,0,0.6281623250370051,"consolidator: вход от 8, выход к 0; отдаёт 0.0%; оборот 900468 KZT"
100000004970752100,terminal,0.65,0,0.2910827496067512,"terminal: вход от 1, выход к 0; отдаёт 0.0%; оборот 10000 KZT; нет выхода в выборке"
100000004971871100,peripheral,0.4,70,0.31564078762795583,"peripheral: вход от 1, выход к 1; отдаёт 22.2%; оборот 31050 KZT; вход seed неполон"
100000004975919100,peripheral,0.4,8,0.29692545074705673,"peripheral: вход от 1, выход к 2; отдаёт 67.1%; оборот 37351 KZT"
100000004976946100,terminal,0.25,77,0.29621637864847905,"terminal: вход от 1, выход к 0; отдаёт 0.0%; оборот 246000 KZT; возможен артефакт обрыва графа на 4 колене"
100000004979264100,terminal,0.25,47,0.25310226412207826,"terminal: вход от 1, выход к 0; отдаёт 0.0%; оборот 39800 KZT; возможен артефакт обрыва графа на 4 колене"
100000004979283100,terminal,0.65,17,0.31152521674144945,"terminal: вход от 1, выход к 0; отдаёт 0.0%; оборот 40132 KZT; нет выхода в выборке"
100000004979498100,peripheral,0.4,67,0.3494720717059138,"peripheral: вход от 1, выход к 1; отдаёт 28.6%; оборот 900000 KZT"
100000004981068100,terminal,0.25,8,0.24909912405590778,"terminal: вход от 1, выход к 0; отдаёт 0.0%; оборот 10000 KZT; возможен артефакт обрыва графа на 4 колене"
100000004984689100,terminal,0.65,8,0.31562511104584456,"terminal: вход от 1, выход к 0; отдаёт 0.0%; оборот 53030 KZT; нет выхода в выборке"
100000004988240100,terminal,0.25,0,0.2592959395867488,"terminal: вход от 1, выход к 0; отдаёт 0.0%; оборот 20000 KZT; возможен артефакт обрыва графа на 4 колене"
100000004991593100,terminal,0.25,8,0.2828030791508681,"terminal: вход от 1, выход к 0; отдаёт 0.0%; оборот 45000 KZT; возможен артефакт обрыва графа на 4 колене"
100000004991812100,terminal,0.65,28,0.3073998659114122,"terminal: вход от 1, выход к 0; отдаёт 0.0%; оборот 10000 KZT; нет выхода в выборке"
100000004993576100,terminal,0.65,3,0.3687291647023905,"terminal: вход от 1, выход к 0; отдаёт 0.0%; оборот 167000 KZT; нет выхода в выборке"
100000004997515100,peripheral,0.4,47,0.4741855389522618,"peripheral: вход от 4, выход к 4; отдаёт 13.8%; оборот 449500 KZT"
100000005008589100,terminal,0.65,0,0.3124744113812068,"terminal: вход от 1, выход к 0; отдаёт 0.0%; оборот 42807 KZT; нет выхода в выборке"
100000005010159100,terminal,0.25,8,0.22772732224857023,"terminal: вход от 1, выход к 0; отдаёт 0.0%; оборот 7092 KZT; возможен артефакт обрыва графа на 4 колене"
100000005017150100,peripheral,0.4,88,0.10600000000000001,"peripheral: вход от 0, выход к 0; отдаёт н/д (вход=0); оборот 0 KZT; вход seed неполон"
100000005022552100,peripheral,0.4,5,0.3469322040486117,"peripheral: вход от 1, выход к 1; отдаёт 2.1%; оборот 246000 KZT"
100000005022964100,terminal,0.65,2,0.34648715014361225,"terminal: вход от 1, выход к 0; отдаёт 0.0%; оборот 20000 KZT; нет выхода в выборке"
100000005025629100,terminal,0.25,10,0.25113329925048933,"terminal: вход от 1, выход к 0; отдаёт 0.0%; оборот 5227 KZT; возможен артефакт обрыва графа на 4 колене"
100000005030592100,terminal,0.65,3,0.3273103775051975,"terminal: вход от 1, выход к 0; отдаёт 0.0%; оборот 10000 KZT; нет выхода в выборке"
100000005031696100,peripheral,0.4,52,0.3486801988556776,"peripheral: вход от 1, выход к 2; отдаёт 2300.0%; оборот 120000 KZT"
100000005032294100,terminal,0.65,43,0.3273103775051975,"terminal: вход от 1, выход к 0; отдаёт 0.0%; оборот 10000 KZT; нет выхода в выборке"
100000005034574100,terminal,0.65,86,0.3639471604261821,"terminal: вход от 1, выход к 0; отдаёт 0.0%; оборот 258816 KZT; нет выхода в выборке"
100000005037490100,peripheral,0.4,12,0.30536001731411944,"peripheral: вход от 1, выход к 2; отдаёт 200.0%; оборот 45000 KZT"
100000005041147100,terminal,0.25,0,0.24909912405590778,"terminal: вход от 1, выход к 0; отдаёт 0.0%; оборот 10000 KZT; возможен артефакт обрыва графа на 4 колене"
100000005041905100,peripheral,0.4,33,0.32082179621234347,"peripheral: вход от 1, выход к 1; отдаёт 21607.0%; оборот 1085351 KZT"
100000005042822100,terminal,0.25,39,0.3005316141612889,"terminal: вход от 1, выход к 0; отдаёт 0.0%; оборот 1000000 KZT; возможен артефакт обрыва графа на 4 колене"
100000005048668100,distributor,0.6621392722710163,8,0.4922256666643148,"distributor: вход от 2, выход к 8; отдаёт 956.3%; оборот 176068 KZT; рядом с входом ≤24ч: 8.1%"
100000005049404100,terminal,0.25,10,0.29425329137713474,"terminal: вход от 1, выход к 0; отдаёт 0.0%; оборот 98000 KZT; возможен артефакт обрыва графа на 4 колене"
100000005052998100,peripheral,0.4,0,0.28778497525650404,"peripheral: вход от 1, выход к 1; отдаёт 298.9%; оборот 37900 KZT"
100000005053653100,peripheral,0.4,12,0.3750327738642206,"peripheral: вход от 2, выход к 1; отдаёт 39.6%; оборот 88073 KZT"
100000005055454100,terminal,0.65,35,0.2847458822250309,"terminal: вход от 1, выход к 0; отдаёт 0.0%; оборот 6500 KZT; нет выхода в выборке"
100000005056870100,terminal,0.65,63,0.3262795651375922,"terminal: вход от 1, выход к 0; отдаёт 0.0%; оборот 20000 KZT; нет выхода в выборке"
100000005059998100,terminal,0.65,2,0.30806292089096804,"terminal: вход от 1, выход к 0; отдаёт 0.0%; оборот 18000 KZT; нет выхода в выборке"
100000005061890100,terminal,0.65,2,0.3234069140512958,"terminal: вход от 1, выход к 0; отдаёт 0.0%; оборот 90000 KZT; нет выхода в выборке"
100000005074393100,distributor,0.6555798687089716,12,0.5586008191290637,"distributor: вход от 4, выход к 6; отдаёт 121.8%; оборот 1248526 KZT; рядом с входом ≤24ч: 3.7%"
100000005075949100,terminal,0.25,65,0.31230420553181437,"terminal: вход от 1, выход к 0; отдаёт 0.0%; оборот 2226000 KZT; возможен артефакт обрыва графа на 4 колене"
100000005077484100,peripheral,0.4,35,0.34574404178962004,"peripheral: вход от 1, выход к 2; отдаёт 9.0%; оборот 163550 KZT"
100000005079473100,terminal,0.25,8,0.2529207658850581,"terminal: вход от 1, выход к 0; отдаёт 0.0%; оборот 39312 KZT; возможен артефакт обрыва графа на 4 колене"
100000005079754100,peripheral,0.4,2,0.3722614924316791,"peripheral: вход от 1, выход к 2; отдаёт 174.3%; оборот 192000 KZT"
100000005082652100,terminal,0.65,1,0.3072445049257182,"terminal: вход от 1, выход к 0; отдаёт 0.0%; оборот 30000 KZT; нет выхода в выборке"
100000005087431100,peripheral,0.4,89,0.10600000000000001,"peripheral: вход от 0, выход к 0; отдаёт н/д (вход=0); оборот 0 KZT; вход seed неполон"
100000005087923100,terminal,0.25,44,0.24297882328208775,"terminal: вход от 1, выход к 0; отдаёт 0.0%; оборот 20000 KZT; возможен артефакт обрыва графа на 4 колене"
100000005089460100,terminal,0.65,33,0.29412805795655667,"terminal: вход от 1, выход к 0; отдаёт 0.0%; оборот 12300 KZT; нет выхода в выборке"
100000005092518100,terminal,0.65,36,0.3302205406780689,"terminal: вход от 1, выход к 0; отдаёт 0.0%; оборот 26144 KZT; нет выхода в выборке"
100000005093521100,terminal,0.65,2,0.3591165461925314,"terminal: вход от 1, выход к 0; отдаёт 0.0%; оборот 15200 KZT; нет выхода в выборке"
100000005100475100,terminal,0.65,44,0.3114767484259687,"terminal: вход от 1, выход к 0; отдаёт 0.0%; оборот 40000 KZT; нет выхода в выборке"
100000005105153100,terminal,0.65,0,0.34347213282416456,"terminal: вход от 1, выход к 0; отдаёт 0.0%; оборот 30000 KZT; нет выхода в выборке"
100000005124479100,peripheral,0.4,0,0.42424853476846347,"peripheral: вход от 2, выход к 2; отдаёт 16.0%; оборот 159753 KZT"
100000005127767100,terminal,0.65,18,0.2858359938316328,"terminal: вход от 1, выход к 0; отдаёт 0.0%; оборот 7000 KZT; нет выхода в выборке"
100000005133757100,terminal,0.65,8,0.4205985745881336,"terminal: вход от 2, выход к 0; отдаёт 0.0%; оборот 65000 KZT; нет выхода в выборке"
100000005140601100,peripheral,0.4,8,0.3436951709799199,"peripheral: вход от 3, выход к 2; отдаёт 370.7%; оборот 247985 KZT"
100000005142492100,peripheral,0.4,44,0.2798497025520874,"peripheral: вход от 1, выход к 1; отдаёт 570.0%; оборот 67000 KZT"
100000005142589100,terminal,0.65,0,0.3394100026954427,"terminal: вход от 1, выход к 0; отдаёт 0.0%; оборот 50000 KZT; нет выхода в выборке"
100000005146665100,terminal,0.25,49,0.2239878594199105,"terminal: вход от 1, выход к 0; отдаёт 0.0%; оборот 5500 KZT; возможен артефакт обрыва графа на 4 колене"
100000005168487100,peripheral,0.4,11,0.33344749035852544,"peripheral: вход от 1, выход к 1; отдаёт 690.1%; оборот 118510 KZT"
100000005171642100,transit,0.7943826799297835,44,0.42970422393953717,"transit: вход от 2, выход к 1; отдаёт 98.1%; оборот 1380400 KZT; рядом с входом ≤24ч: 96.3%"
100000005172860100,terminal,0.65,0,0.29725119584584747,"terminal: вход от 1, выход к 0; отдаёт 0.0%; оборот 15209 KZT; нет выхода в выборке"
100000005175148100,peripheral,0.4,3,0.37758246738488266,"peripheral: вход от 2, выход к 1; отдаёт 19.0%; оборот 94000 KZT"
100000005182219100,terminal,0.65,10,0.3841609662283792,"terminal: вход от 2, выход к 0; отдаёт 0.0%; оборот 55000 KZT; нет выхода в выборке"
100000005183943100,terminal,0.65,22,0.37817797215555277,"terminal: вход от 1, выход к 0; отдаёт 0.0%; оборот 680900 KZT; нет выхода в выборке"
100000005186109100,terminal,0.65,3,0.30878096407336175,"terminal: вход от 1, выход к 0; отдаёт 0.0%; оборот 5000 KZT; нет выхода в выборке"
100000005186131100,transit,0.8,0,0.36838116300389784,"transit: вход от 1, выход к 1; отдаёт 100.0%; оборот 20000 KZT; рядом с входом ≤24ч: 100.0%"
100000005187208100,terminal,0.65,10,0.2961996654118484,"terminal: вход от 1, выход к 0; отдаёт 0.0%; оборот 14160 KZT; нет выхода в выборке"
100000005189258100,terminal,0.25,10,0.25645881120194386,"terminal: вход от 1, выход к 0; отдаёт 0.0%; оборот 50000 KZT; возможен артефакт обрыва графа на 4 колене"
100000005198498100,terminal,0.65,33,0.3066439539562654,"terminal: вход от 1, выход к 0; отдаёт 0.0%; оборот 28800 KZT; нет выхода в выборке"
100000005198906100,peripheral,0.4,10,0.35299569721974605,"peripheral: вход от 1, выход к 1; отдаёт 26.3%; оборот 287970 KZT"
100000005203590100,terminal,0.65,44,0.3317402473846291,"terminal: вход от 1, выход к 0; отдаёт 0.0%; оборот 90000 KZT; нет выхода в выборке"
100000005205745100,terminal,0.65,44,0.31979611388561574,"terminal: вход от 1, выход к 0; отдаёт 0.0%; оборот 6000 KZT; нет выхода в выборке"
100000005209352100,terminal,0.25,0,0.23890304395740541,"terminal: вход от 1, выход к 0; отдаёт 0.0%; оборот 5000 KZT; возможен артефакт обрыва графа на 4 колене"
100000005222360100,peripheral,0.4,43,0.2689784437451481,"peripheral: вход от 1, выход к 1; отдаёт 540.0%; оборот 32000 KZT"
100000005226217100,terminal,0.25,47,0.2573315366451474,"terminal: вход от 1, выход к 0; отдаёт 0.0%; оборот 17500 KZT; возможен артефакт обрыва графа на 4 колене"
100000005228059100,terminal,0.65,36,0.3301392870017984,"terminal: вход от 1, выход к 0; отдаёт 0.0%; оборот 26000 KZT; нет выхода в выборке"
100000005233755100,peripheral,0.4,27,0.2938695799717664,"peripheral: вход от 1, выход к 1; отдаёт 20.0%; оборот 30000 KZT"
100000005235389100,peripheral,0.4,90,0.10600000000000001,"peripheral: вход от 0, выход к 0; отдаёт н/д (вход=0); оборот 0 KZT; вход seed неполон"
100000005237935150,terminal,0.65,23,0.3176373568672536,"terminal: вход от 1, выход к 0; отдаёт 0.0%; оборот 34508 KZT; нет выхода в выборке"
100000005241556100,terminal,0.65,38,0.32495695701358507,"terminal: вход от 1, выход к 0; отдаёт 0.0%; оборот 100000 KZT; нет выхода в выборке"
100000005242320100,distributor,0.674457115616707,23,0.5810242208570398,"distributor: вход от 2, выход к 21; отдаёт 2443.6%; оборот 9301995 KZT; рядом с входом ≤24ч: 16.3%"
100000005264874100,peripheral,0.4,25,0.30192256816298463,"peripheral: вход от 1, выход к 2; отдаёт 260.0%; оборот 108000 KZT"
100000005264990100,peripheral,0.4,54,0.39695951594745343,"peripheral: вход от 1, выход к 2; отдаёт 714.7%; оборот 139070 KZT; вход seed неполон"
100000005265073100,peripheral,0.4,54,0.27313409202998506,"peripheral: вход от 1, выход к 1; отдаёт 180.0%; оборот 14000 KZT"
100000005268319100,distributor,0.6895604395604396,0,0.4289955845254309,"distributor: вход от 1, выход к 5; отдаёт 461.6%; оборот 110713 KZT; рядом с входом ≤24ч: 26.4%"
100000005272139100,terminal,0.25,5,0.2740235413857621,"terminal: вход от 1, выход к 0; отдаёт 0.0%; оборот 165000 KZT; возможен артефакт обрыва графа на 4 колене"
100000005287097100,distributor,0.6819231320808834,5,0.5384782702228338,"distributor: вход от 2, выход к 9; отдаёт 548.3%; оборот 824473 KZT; рядом с входом ≤24ч: 21.3%"
100000005293969100,terminal,0.25,0,0.22389925722892812,"terminal: вход от 1, выход к 0; отдаёт 0.0%; оборот 5467 KZT; возможен артефакт обрыва графа на 4 колене"
100000005308954100,peripheral,0.4,5,0.3038575622770723,"peripheral: вход от 1, выход к 1; отдаёт 43.5%; оборот 99020 KZT"
100000005314565100,terminal,0.65,0,0.33645597518838677,"terminal: вход от 1, выход к 0; отдаёт 0.0%; оборот 218500 KZT; нет выхода в выборке"
100000005316708100,peripheral,0.4,44,0.344115358420675,"peripheral: вход от 1, выход к 2; отдаёт 286.1%; оборот 347500 KZT"
100000005317181100,peripheral,0.4,0,0.3375620183401393,"peripheral: вход от 1, выход к 1; отдаёт 10.3%; оборот 155750 KZT"
100000005326681100,terminal,0.65,3,0.34406232407781556,"terminal: вход от 1, выход к 0; отдаёт 0.0%; оборот 31228 KZT; нет выхода в выборке"
100000005328215100,terminal,0.65,11,0.3140278334371268,"terminal: вход от 1, выход к 0; отдаёт 0.0%; оборот 27000 KZT; нет выхода в выборке"
100000005339662100,peripheral,0.4,3,0.41972689427459553,"peripheral: вход от 4, выход к 4; отдаёт 145.4%; оборот 498099 KZT"
100000005342513100,peripheral,0.4,29,0.3282562687650768,"peripheral: вход от 1, выход к 1; отдаёт 12.8%; оборот 265000 KZT"
100000005357034100,terminal,0.65,0,0.30703346296221734,"terminal: вход от 1, выход к 0; отдаёт 0.0%; оборот 9754 KZT; нет выхода в выборке"
100000005357705100,peripheral,0.4,8,0.3437868718930304,"peripheral: вход от 1, выход к 4; отдаёт 736.0%; оборот 439675 KZT"
100000005360814100,terminal,0.25,8,0.2720207837804138,"terminal: вход от 1, выход к 0; отдаёт 0.0%; оборот 144000 KZT; возможен артефакт обрыва графа на 4 колене"
100000005362848100,terminal,0.65,17,0.3067457636865509,"terminal: вход от 1, выход к 0; отдаёт 0.0%; оборот 29000 KZT; нет выхода в выборке"
100000005363908100,transit,0.8,83,0.38688876493184554,"transit: вход от 1, выход к 1; отдаёт 100.0%; оборот 39000 KZT; рядом с входом ≤24ч: 100.0%"
100000005367180100,terminal,0.25,8,0.22893726014403593,"terminal: вход от 1, выход к 0; отдаёт 0.0%; оборот 7700 KZT; возможен артефакт обрыва графа на 4 колене"
100000005367284100,peripheral,0.4,0,0.310074696211925,"peripheral: вход от 1, выход к 2; отдаёт 352.6%; оборот 62000 KZT"
100000005367445100,transit,0.8,47,0.34186723116839574,"transit: вход от 1, выход к 1; отдаёт 100.0%; оборот 10000 KZT; рядом с входом ≤24ч: 100.0%"
100000005370558100,terminal,0.25,0,0.22258592765274438,"terminal: вход от 1, выход к 0; отдаёт 0.0%; оборот 5000 KZT; возможен артефакт обрыва графа на 4 колене"
100000005370580100,terminal,0.55,12,0.3577740250479529,"terminal: вход от 1, выход к 0; отдаёт 0.0%; оборот 24075 KZT; вход seed неполон"
100000005375968100,peripheral,0.4,0,0.34690966024640446,"peripheral: вход от 1, выход к 2; отдаёт 50.6%; оборот 256082 KZT"
100000005382566100,peripheral,0.4,54,0.5122158313540272,"peripheral: вход от 7, выход к 1; отдаёт 12.7%; оборот 443066 KZT; вход seed неполон"
100000005386383100,peripheral,0.4,54,0.4066626464466834,"peripheral: вход от 2, выход к 1; отдаёт 77.3%; оборот 66500 KZT; вход seed неполон"
100000005392290100,peripheral,0.4,80,0.3086210514746239,"peripheral: вход от 0, выход к 1; отдаёт н/д (вход=0); оборот 81465 KZT; вход seed неполон"
100000005394708100,peripheral,0.4,54,0.3093539585244232,"peripheral: вход от 1, выход к 1; отдаёт 250.0%; оборот 91000 KZT"
100000005395727100,terminal,0.55,3,0.36423227625259436,"terminal: вход от 1, выход к 0; отдаёт 0.0%; оборот 17000 KZT; вход seed неполон"
100000005402643100,peripheral,0.4,4,0.3150803230636094,"peripheral: вход от 1, выход к 1; отдаёт 70.4%; оборот 217800 KZT"
100000005409156100,terminal,0.65,10,0.4070180759179544,"terminal: вход от 2, выход к 0; отдаёт 0.0%; оборот 260080 KZT; нет выхода в выборке"
100000005409680100,terminal,0.55,48,0.4117114991171008,"terminal: вход от 2, выход к 0; отдаёт 0.0%; оборот 55060 KZT; вход seed неполон"
100000005413948100,peripheral,0.4,47,0.3350319845909723,"peripheral: вход от 2, выход к 1; отдаёт 17.7%; оборот 33215 KZT"
100000005417257100,peripheral,0.4,54,0.33370438531631125,"peripheral: вход от 0, выход к 2; отдаёт н/д (вход=0); оборот 106000 KZT; вход seed неполон"
100000005432267100,terminal,0.65,2,0.44536668590923156,"terminal: вход от 2, выход к 0; отдаёт 0.0%; оборот 350001 KZT; нет выхода в выборке"
100000005454368100,terminal,0.55,12,0.3893183475697125,"terminal: вход от 2, выход к 0; отдаёт 0.0%; оборот 48600 KZT; вход seed неполон"
100000005456919100,peripheral,0.4,9,0.39968068677107893,"peripheral: вход от 2, выход к 1; отдаёт 1.0%; оборот 484950 KZT"
100000005473151100,peripheral,0.4,17,0.47034484270788823,"peripheral: вход от 3, выход к 4; отдаёт 18.4%; оборот 1445000 KZT"
100000005474472100,terminal,0.65,20,0.3332902903469184,"terminal: вход от 1, выход к 0; отдаёт 0.0%; оборот 100000 KZT; нет выхода в выборке"
100000005475379100,peripheral,0.4,11,0.33001505104654083,"peripheral: вход от 1, выход к 3; отдаёт 74.7%; оборот 189370 KZT"
100000005480435100,peripheral,0.4,91,0.10600000000000001,"peripheral: вход от 0, выход к 0; отдаёт н/д (вход=0); оборот 0 KZT; вход seed неполон"
100000005481280100,peripheral,0.4,3,0.34589627382607857,"peripheral: вход от 1, выход к 3; отдаёт 152.9%; оборот 82700 KZT"
100000005485830100,distributor,0.55,63,0.460536064840545,"distributor: вход от 0, выход к 5; отдаёт н/д (вход=0); оборот 275885 KZT; рядом с входом ≤24ч: 0.0%; вход seed неполон"
100000005493505100,terminal,0.55,2,0.44205221543741574,"terminal: вход от 3, выход к 0; отдаёт 0.0%; оборот 62020 KZT; вход seed неполон"
100000005495211100,terminal,0.25,0,0.2545650943448153,"terminal: вход от 1, выход к 0; отдаёт 0.0%; оборот 14500 KZT; возможен артефакт обрыва графа на 4 колене"
100000005495722100,peripheral,0.4,92,0.10600000000000001,"peripheral: вход от 0, выход к 0; отдаёт н/д (вход=0); оборот 0 KZT; вход seed неполон"
100000005496254100,terminal,0.65,0,0.3195988430705533,"terminal: вход от 1, выход к 0; отдаёт 0.0%; оборот 12700 KZT; нет выхода в выборке"
100000005497148100,terminal,0.25,10,0.2735553020407594,"terminal: вход от 1, выход к 0; отдаёт 0.0%; оборот 24000 KZT; возможен артефакт обрыва графа на 4 колене"
100000005498992100,distributor,0.55,4,0.5459752555803026,"distributor: вход от 0, выход к 16; отдаёт н/д (вход=0); оборот 2262868 KZT; рядом с входом ≤24ч: 0.0%; вход seed неполон"
100000005505655100,peripheral,0.4,13,0.3530202816100853,"peripheral: вход от 2, выход к 1; отдаёт 60.5%; оборот 53070 KZT"
100000005507142100,peripheral,0.4,25,0.344460530539989,"peripheral: вход от 3, выход к 3; отдаёт 196.1%; оборот 151000 KZT"
100000005514161100,peripheral,0.4,44,0.4852522352813587,"peripheral: вход от 4, выход к 1; отдаёт 12.5%; оборот 451500 KZT"
100000005519347100,peripheral,0.4,5,0.4206517238990026,"peripheral: вход от 2, выход к 1; отдаёт 135.4%; оборот 172100 KZT; вход seed неполон"
100000005519998100,peripheral,0.4,72,0.3576456690233134,"peripheral: вход от 3, выход к 3; отдаёт 103.3%; оборот 370000 KZT"
100000005523088100,terminal,0.55,54,0.44682282338565016,"terminal: вход от 1, выход к 0; отдаёт 0.0%; оборот 700000 KZT; вход seed неполон"
100000005527892100,distributor,0.7138971505324763,38,0.5512948770782323,"distributor: вход от 3, выход к 8; отдаёт 251.1%; оборот 772420 KZT; рядом с входом ≤24ч: 42.6%"
100000005530114100,peripheral,0.4,27,0.34973616339100344,"peripheral: вход от 2, выход к 1; отдаёт 18.3%; оборот 161970 KZT"
100000005532138100,terminal,0.65,1,0.3045893402593023,"terminal: вход от 1, выход к 0; отдаёт 0.0%; оборот 25046 KZT; нет выхода в выборке"
100000005539201100,peripheral,0.4,5,0.33647141838153755,"peripheral: вход от 1, выход к 1; отдаёт 54.9%; оборот 70504 KZT"
100000005539910100,peripheral,0.4,2,0.37449651252419125,"peripheral: вход от 1, выход к 2; отдаёт 21.6%; оборот 124000 KZT"
100000005543136100,peripheral,0.4,2,0.27776271318613377,"peripheral: вход от 0, выход к 1; отдаёт н/д (вход=0); оборот 10000 KZT; вход seed неполон"
100000005546031100,peripheral,0.4,83,0.39005633811078727,"peripheral: вход от 3, выход к 1; отдаёт 12.0%; оборот 74800 KZT"
100000005547096100,peripheral,0.4,85,0.3216498133642084,"peripheral: вход от 1, выход к 2; отдаёт 2828.8%; оборот 234300 KZT"
100000005550592100,peripheral,0.4,93,0.10600000000000001,"peripheral: вход от 0, выход к 0; отдаёт н/д (вход=0); оборот 0 KZT; вход seed неполон"
100000005553088100,terminal,0.25,8,0.24101442034048637,"terminal: вход от 1, выход к 0; отдаёт 0.0%; оборот 17500 KZT; возможен артефакт обрыва графа на 4 колене"
100000005560900100,peripheral,0.4,94,0.10600000000000001,"peripheral: вход от 0, выход к 0; отдаёт н/д (вход=0); оборот 0 KZT; вход seed неполон"
100000005561741100,terminal,0.65,17,0.3292127458522494,"terminal: вход от 1, выход к 0; отдаёт 0.0%; оборот 25000 KZT; нет выхода в выборке"
100000005567828100,terminal,0.25,17,0.2820630326138153,"terminal: вход от 1, выход к 0; отдаёт 0.0%; оборот 94000 KZT; возможен артефакт обрыва графа на 4 колене"
100000005568407100,peripheral,0.4,95,0.10600000000000001,"peripheral: вход от 0, выход к 0; отдаёт н/д (вход=0); оборот 0 KZT; вход seed неполон"
100000005572303100,peripheral,0.4,5,0.3449016602020269,"peripheral: вход от 1, выход к 1; отдаёт 26.7%; оборот 95000 KZT"
100000005578559100,distributor,0.7039758295363716,17,0.5529922783582661,"distributor: вход от 2, выход к 21; отдаёт 681.8%; оборот 1024164 KZT; рядом с входом ≤24ч: 36.0%"
100000005584222100,peripheral,0.4,0,0.3760388259929721,"peripheral: вход от 2, выход к 2; отдаёт 56.3%; оборот 301304 KZT"
100000005588444100,terminal,0.65,1,0.3191280579565567,"terminal: вход от 1, выход к 0; отдаёт 0.0%; оборот 12300 KZT; нет выхода в выборке"
100000005589319100,terminal,0.25,2,0.24683854514629394,"terminal: вход от 1, выход к 0; отдаёт 0.0%; оборот 26000 KZT; возможен артефакт обрыва графа на 4 колене"
100000005602999100,peripheral,0.4,59,0.32303828845125454,"peripheral: вход от 1, выход к 2; отдаёт 320.0%; оборот 21000 KZT"
100000005608515100,terminal,0.65,1,0.3267246167213999,"terminal: вход от 1, выход к 0; отдаёт 0.0%; оборот 64000 KZT; нет выхода в выборке"
100000005610717100,peripheral,0.4,0,0.41347936984400924,"peripheral: вход от 4, выход к 1; отдаёт 54.7%; оборот 749700 KZT"
100000005612411100,distributor,0.7271593323037415,2,0.5411295641373743,"distributor: вход от 3, выход к 8; отдаёт 439.0%; оборот 622497 KZT; рядом с входом ≤24ч: 51.4%"
100000005614315100,terminal,0.65,5,0.3555806612976783,"terminal: вход от 1, выход к 0; отдаёт 0.0%; оборот 455000 KZT; нет выхода в выборке"
100000005616568100,terminal,0.25,10,0.3190856203329774,"terminal: вход от 1, выход к 0; отдаёт 0.0%; оборот 530000 KZT; возможен артефакт обрыва графа на 4 колене"
100000005619339100,peripheral,0.4,5,0.27715477122819293,"peripheral: вход от 1, выход к 1; отдаёт 108.9%; оборот 10443 KZT"
100000005620225100,terminal,0.65,0,0.3798190170149021,"terminal: вход от 2, выход к 0; отдаёт 0.0%; оборот 49846 KZT; нет выхода в выборке"
100000005621418100,terminal,0.25,14,0.24894376307021376,"terminal: вход от 1, выход к 0; отдаёт 0.0%; оборот 30000 KZT; возможен артефакт обрыва графа на 4 колене"
100000005628518100,terminal,0.65,48,0.3211118139531289,"terminal: вход от 1, выход к 0; отдаёт 0.0%; оборот 77000 KZT; нет выхода в выборке"
100000005634552100,peripheral,0.4,0,0.3906034498641353,"peripheral: вход от 1, выход к 3; отдаёт 4626.7%; оборот 1221850 KZT"
100000005636951100,terminal,0.25,44,0.25317600657046424,"terminal: вход от 1, выход к 0; отдаёт 0.0%; оборот 40000 KZT; возможен артефакт обрыва графа на 4 колене"
100000005660203100,peripheral,0.4,5,0.39370415052401536,"peripheral: вход от 1, выход к 2; отдаёт 7.2%; оборот 613899 KZT"
100000005661528100,terminal,0.65,8,0.304562296214255,"terminal: вход от 1, выход к 0; отдаёт 0.0%; оборот 25000 KZT; нет выхода в выборке"
100000005661829100,transit,0.7755760368663595,48,0.38423278601314476,"transit: вход от 1, выход к 2; отдаёт 106.8%; оборот 78152 KZT; рядом с входом ≤24ч: 83.7%"
100000005664632100,terminal,0.65,87,0.38026015570854294,"terminal: вход от 1, выход к 0; отдаёт 0.0%; оборот 198620 KZT; нет выхода в выборке"
100000005664922100,peripheral,0.4,20,0.35565273970608896,"peripheral: вход от 2, выход к 3; отдаёт 2440.9%; оборот 559000 KZT"
100000005665181100,distributor,0.6615438528983316,10,0.5148549953114345,"distributor: вход от 4, выход к 11; отдаёт 399.8%; оборот 227413 KZT; рядом с входом ≤24ч: 7.7%"
100000005667841100,terminal,0.65,47,0.39050884565111765,"terminal: вход от 2, выход к 0; отдаёт 0.0%; оборот 186000 KZT; нет выхода в выборке"
100000005668605100,terminal,0.55,54,0.45362166873190246,"terminal: вход от 3, выход к 0; отдаёт 0.0%; оборот 94500 KZT; вход seed неполон"
100000005669845100,terminal,0.65,35,0.3262795651375922,"terminal: вход от 1, выход к 0; отдаёт 0.0%; оборот 20000 KZT; нет выхода в выборке"
100000005674387100,terminal,0.65,33,0.305252018531988,"terminal: вход от 1, выход к 0; отдаёт 0.0%; оборот 26200 KZT; нет выхода в выборке"
100000005685783100,terminal,0.25,96,0.24692317467305258,"terminal: вход от 1, выход к 0; отдаёт 0.0%; оборот 26150 KZT; возможен артефакт обрыва графа на 4 колене"
100000005704413100,distributor,0.7131233073211728,17,0.5724719375008784,"distributor: вход от 3, выход к 32; отдаёт 1393.8%; оборот 1461428 KZT; рядом с входом ≤24ч: 42.1%"
100000005709551100,terminal,0.65,12,0.3321953652085425,"terminal: вход от 1, выход к 0; отдаёт 0.0%; оборот 24560 KZT; нет выхода в выборке"
100000005711521100,terminal,0.25,12,0.2957299906958094,"terminal: вход от 1, выход к 0; отдаёт 0.0%; оборот 238000 KZT; возможен артефакт обрыва графа на 4 колене"
100000005723580100,terminal,0.25,47,0.25121155109038346,"terminal: вход от 1, выход к 0; отдаёт 0.0%; оборот 35000 KZT; возможен артефакт обрыва графа на 4 колене"
100000005730108100,terminal,0.65,0,0.31245068881267557,"terminal: вход от 1, выход к 0; отдаёт 0.0%; оборот 8000 KZT; нет выхода в выборке"
100000005744674100,peripheral,0.4,54,0.30145892322556556,"peripheral: вход от 0, выход к 1; отдаёт н/д (вход=0); оборот 50066 KZT; вход seed неполон"
100000005745873100,terminal,0.25,77,0.2947722626451383,"terminal: вход от 1, выход к 0; отдаёт 0.0%; оборот 223000 KZT; возможен артефакт обрыва графа на 4 колене"
100000005754335100,terminal,0.65,78,0.31289128013494744,"terminal: вход от 1, выход к 0; отдаёт 0.0%; оборот 44037 KZT; нет выхода в выборке"
100000005756189100,peripheral,0.4,10,0.32349595341011345,"peripheral: вход от 1, выход к 1; отдаёт 75.5%; оборот 114050 KZT"
100000005756535100,terminal,0.65,29,0.3012795651375922,"terminal: вход от 1, выход к 0; отдаёт 0.0%; оборот 20000 KZT; нет выхода в выборке"
100000005767403100,terminal,0.25,72,0.30193381203006486,"terminal: вход от 1, выход к 0; отдаёт 0.0%; оборот 1100000 KZT; возможен артефакт обрыва графа на 4 колене"
100000005778283100,terminal,0.65,1,0.4821326769067613,"terminal: вход от 3, выход к 0; отдаёт 0.0%; оборот 615760 KZT; нет выхода в выборке"
100000005782781100,distributor,0.8,1,0.5659013252063364,"distributor: вход от 6, выход к 10; отдаёт 735.1%; оборот 1435485 KZT; рядом с входом ≤24ч: 100.0%"
100000005782886100,terminal,0.25,47,0.25404886861283604,"terminal: вход от 1, выход к 0; отдаёт 0.0%; оборот 14000 KZT; возможен артефакт обрыва графа на 4 колене"
100000005783452100,terminal,0.25,23,0.3196687987482716,"terminal: вход от 2, выход к 0; отдаёт 0.0%; оборот 286500 KZT; возможен артефакт обрыва графа на 4 колене"
100000005799271100,terminal,0.65,11,0.3584171114472796,"terminal: вход от 1, выход к 0; отдаёт 0.0%; оборот 45000 KZT; нет выхода в выборке"
100000005807278100,terminal,0.65,63,0.31349165867798845,"terminal: вход от 1, выход к 0; отдаёт 0.0%; оборот 8385 KZT; нет выхода в выборке"
100000005809252100,terminal,0.65,10,0.34078992411270137,"terminal: вход от 1, выход к 0; отдаёт 0.0%; оборот 25000 KZT; нет выхода в выборке"
100000005815602100,peripheral,0.4,5,0.31110907156233975,"peripheral: вход от 1, выход к 1; отдаёт 825.0%; оборот 185000 KZT"
100000005820746100,peripheral,0.4,20,0.3614968399463307,"peripheral: вход от 1, выход к 1; отдаёт 3.0%; оборот 2049000 KZT"
100000005830339100,peripheral,0.4,2,0.4012879691910881,"peripheral: вход от 5, выход к 1; отдаёт 71.2%; оборот 815592 KZT"
100000005834479100,peripheral,0.4,8,0.30314544714417874,"peripheral: вход от 1, выход к 2; отдаёт 192.9%; оборот 21970 KZT"
100000005844459100,terminal,0.65,0,0.41946574752623283,"terminal: вход от 2, выход к 0; отдаёт 0.0%; оборот 243400 KZT; нет выхода в выборке"
100000005847078100,terminal,0.65,33,0.298270148888812,"terminal: вход от 1, выход к 0; отдаёт 0.0%; оборот 16300 KZT; нет выхода в выборке"
100000005849100100,terminal,0.65,2,0.35398738132671,"terminal: вход от 1, выход к 0; отдаёт 0.0%; оборот 33300 KZT; нет выхода в выборке"
100000005849862100,terminal,0.25,1,0.23664155988463292,"terminal: вход от 1, выход к 0; отдаёт 0.0%; оборот 13000 KZT; возможен артефакт обрыва графа на 4 колене"
100000005852946100,terminal,0.65,2,0.3656794762419532,"terminal: вход от 1, выход к 0; отдаёт 0.0%; оборот 23746 KZT; нет выхода в выборке"
100000005857058100,terminal,0.65,0,0.4181690370767286,"terminal: вход от 3, выход к 0; отдаёт 0.0%; оборот 80222 KZT; нет выхода в выборке"
100000005873152100,peripheral,0.4,11,0.2989382983719235,"peripheral: вход от 1, выход к 1; отдаёт 100.0%; оборот 20000 KZT"
100000005877725100,terminal,0.65,36,0.3447096338530799,"terminal: вход от 1, выход к 0; отдаёт 0.0%; оборот 70000 KZT; нет выхода в выборке"
100000005878334100,terminal,0.25,8,0.27901310230391024,"terminal: вход от 1, выход к 0; отдаёт 0.0%; оборот 76400 KZT; возможен артефакт обрыва графа на 4 колене"
100000005882013100,peripheral,0.4,12,0.40620466490619095,"peripheral: вход от 2, выход к 1; отдаёт 7.4%; оборот 145000 KZT"
100000005888829100,terminal,0.25,47,0.2929484589172525,"terminal: вход от 1, выход к 0; отдаёт 0.0%; оборот 197000 KZT; возможен артефакт обрыва графа на 4 колене"
100000005893892100,terminal,0.65,10,0.3532546582049978,"terminal: вход от 1, выход к 0; отдаёт 0.0%; оборот 102780 KZT; нет выхода в выборке"
100000005895525100,terminal,0.65,63,0.35263923928145874,"terminal: вход от 1, выход к 0; отдаёт 0.0%; оборот 120000 KZT; нет выхода в выборке"
100000005897462100,terminal,0.65,11,0.39393107551240936,"terminal: вход от 1, выход к 0; отдаёт 0.0%; оборот 98400 KZT; нет выхода в выборке"
100000005901606100,terminal,0.65,36,0.3347871273286734,"terminal: вход от 1, выход к 0; отдаёт 0.0%; оборот 35660 KZT; нет выхода в выборке"
100000005904580100,terminal,0.65,7,0.3685623562091508,"terminal: вход от 2, выход к 0; отдаёт 0.0%; оборот 72000 KZT; нет выхода в выборке"
100000005910114100,distributor,0.7026684140672779,0,0.5710582489568845,"distributor: вход от 3, выход к 19; отдаёт 450.7%; оборот 1796137 KZT; рядом с входом ≤24ч: 35.1%"
100000005910895100,terminal,0.25,59,0.22287720535887423,"terminal: вход от 1, выход к 0; отдаёт 0.0%; оборот 5100 KZT; возможен артефакт обрыва графа на 4 колене"
100000005911352100,peripheral,0.4,18,0.3164812146888821,"peripheral: вход от 2, выход к 3; отдаёт 160.0%; оборот 39000 KZT"
100000005931985100,terminal,0.65,23,0.3292528339068425,"terminal: вход от 1, выход к 0; отдаёт 0.0%; оборот 76000 KZT; нет выхода в выборке"
100000005932987100,terminal,0.65,72,0.31289562954758837,"terminal: вход от 1, выход к 0; отдаёт 0.0%; оборот 25000 KZT; нет выхода в выборке"
100000005933757100,distributor,0.6909815002058197,43,0.5973714343623082,"distributor: вход от 4, выход к 34; отдаёт 241.0%; оборот 4248628 KZT; рядом с входом ≤24ч: 27.3%"
100000005939154100,terminal,0.65,5,0.3389093253729264,"terminal: вход от 1, выход к 0; отдаёт 0.0%; оборот 22000 KZT; нет выхода в выборке"
100000005940652100,terminal,0.65,55,0.35038344337189337,"terminal: вход от 1, выход к 0; отдаёт 0.0%; оборот 8395 KZT; нет выхода в выборке"
100000005941908100,terminal,0.65,43,0.3073998659114122,"terminal: вход от 1, выход к 0; отдаёт 0.0%; оборот 10000 KZT; нет выхода в выборке"
100000005942793100,terminal,0.65,0,0.4430205562543997,"terminal: вход от 4, выход к 0; отдаёт 0.0%; оборот 55000 KZT; нет выхода в выборке"
100000005958064100,peripheral,0.4,43,0.34989082866078874,"peripheral: вход от 1, выход к 2; отдаёт 2853.9%; оборот 169733 KZT"
100000005961971100,terminal,0.65,36,0.33895934456595034,"terminal: вход от 1, выход к 0; отдаёт 0.0%; оборот 47353 KZT; нет выхода в выборке"
100000005974542100,terminal,0.65,28,0.3404418213381388,"terminal: вход от 1, выход к 0; отдаёт 0.0%; оборот 94500 KZT; нет выхода в выборке"
100000005979037100,terminal,0.25,8,0.2592144442237567,"terminal: вход от 1, выход к 0; отдаёт 0.0%; оборот 60300 KZT; возможен артефакт обрыва графа на 4 колене"
100000005995391100,terminal,0.65,33,0.2990607851072919,"terminal: вход от 1, выход к 0; отдаёт 0.0%; оборот 17200 KZT; нет выхода в выборке"
100000005996909100,terminal,0.65,3,0.29860571758007604,"terminal: вход от 1, выход к 0; отдаёт 0.0%; оборот 5500 KZT; нет выхода в выборке"
100000006008169100,terminal,0.65,7,0.3447096338530799,"terminal: вход от 1, выход к 0; отдаёт 0.0%; оборот 70000 KZT; нет выхода в выборке"
100000006020215100,peripheral,0.4,12,0.3220729063926082,"peripheral: вход от 1, выход к 2; отдаёт 112.7%; оборот 63800 KZT"
100000006030946100,terminal,0.65,36,0.34538512812551453,"terminal: вход от 1, выход к 0; отдаёт 0.0%; оборот 73289 KZT; нет выхода в выборке"
100000006048193100,terminal,0.65,0,0.32835635743948705,"terminal: вход от 1, выход к 0; отдаёт 0.0%; оборот 41559 KZT; нет выхода в выборке"
100000006069103100,peripheral,0.4,5,0.3950244664733539,"peripheral: вход от 3, выход к 3; отдаёт 118.0%; оборот 498818 KZT"
100000006100920100,terminal,0.65,0,0.32495695701358507,"terminal: вход от 1, выход к 0; отдаёт 0.0%; оборот 100000 KZT; нет выхода в выборке"
100000006111439100,peripheral,0.4,10,0.3414778800015257,"peripheral: вход от 3, выход к 4; отдаёт 116.7%; оборот 44570 KZT"
100000006111442100,terminal,0.65,47,0.31839128338806655,"terminal: вход от 1, выход к 0; отдаёт 0.0%; оборот 64000 KZT; нет выхода в выборке"
100000006122699100,terminal,0.65,7,0.37824502890361894,"terminal: вход от 2, выход к 0; отдаёт 0.0%; оборот 45865 KZT; нет выхода в выборке"
100000006126743100,terminal,0.65,10,0.3440560200802857,"terminal: вход от 1, выход к 0; отдаёт 0.0%; оборот 55000 KZT; нет выхода в выборке"
100000006161893100,terminal,0.65,5,0.3043658274970128,"terminal: вход от 1, выход к 0; отдаёт 0.0%; оборот 14000 KZT; нет выхода в выборке"
100000006165886100,peripheral,0.4,0,0.36151756021500886,"peripheral: вход от 2, выход к 1; отдаёт 40.7%; оборот 259481 KZT"
100000006169033100,peripheral,0.4,78,0.34888873459941433,"peripheral: вход от 1, выход к 3; отдаёт 2327.1%; оборот 1189271 KZT"
100000006171671100,terminal,0.25,0,0.24909912405590778,"terminal: вход от 1, выход к 0; отдаёт 0.0%; оборот 10000 KZT; возможен артефакт обрыва графа на 4 колене"
100000006177176100,terminal,0.65,5,0.3307037773546152,"terminal: вход от 1, выход к 0; отдаёт 0.0%; оборот 8911 KZT; нет выхода в выборке"
100000006209210100,terminal,0.65,1,0.3371536216875377,"terminal: вход от 1, выход к 0; отдаёт 0.0%; оборот 229111 KZT; нет выхода в выборке"
100000006225798100,peripheral,0.4,27,0.441752774237544,"peripheral: вход от 3, выход к 2; отдаёт 3.6%; оборот 748300 KZT"
100000006232642100,terminal,0.25,78,0.28897888452810166,"terminal: вход от 1, выход к 0; отдаёт 0.0%; оборот 456000 KZT; возможен артефакт обрыва графа на 4 колене"
100000006232815100,distributor,0.55,35,0.47600880515900934,"distributor: вход от 1, выход к 5; отдаёт 185.3%; оборот 456500 KZT; рядом с входом ≤24ч: 0.0%; вход seed неполон"
100000006240939100,distributor,0.6818049780531223,44,0.4676023793549549,"distributor: вход от 1, выход к 5; отдаёт 486.3%; оборот 938015 KZT; рядом с входом ≤24ч: 21.2%"
100000006248077100,terminal,0.65,5,0.35996713806346836,"terminal: вход от 1, выход к 0; отдаёт 0.0%; оборот 50000 KZT; нет выхода в выборке"
100000006249740100,peripheral,0.4,97,0.34682949852183276,"peripheral: вход от 0, выход к 3; отдаёт н/д (вход=0); оборот 93007 KZT; вход seed неполон"
100000006257675100,terminal,0.25,32,0.26140889199757544,"terminal: вход от 1, выход к 0; отдаёт 0.0%; оборот 70000 KZT; возможен артефакт обрыва графа на 4 колене"
100000006274203100,peripheral,0.4,48,0.46125351836959916,"peripheral: вход от 2, выход к 3; отдаёт 2.1%; оборот 3489512 KZT"
100000006288612100,terminal,0.25,7,0.24933331745780574,"terminal: вход от 1, выход к 0; отдаёт 0.0%; оборот 30805 KZT; возможен артефакт обрыва графа на 4 колене"
100000006308406100,terminal,0.25,32,0.2755468185660119,"terminal: вход от 1, выход к 0; отдаёт 0.0%; оборот 183000 KZT; возможен артефакт обрыва графа на 4 колене"
100000006326645100,terminal,0.65,36,0.32971683376219013,"terminal: вход от 1, выход к 0; отдаёт 0.0%; оборот 25264 KZT; нет выхода в выборке"
100000006351075100,terminal,0.25,77,0.2694931228751253,"terminal: вход от 1, выход к 0; отдаёт 0.0%; оборот 40000 KZT; возможен артефакт обрыва графа на 4 колене"
100000006369769100,terminal,0.65,36,0.3364767484259687,"terminal: вход от 1, выход к 0; отдаёт 0.0%; оборот 40000 KZT; нет выхода в выборке"
100000006381453100,terminal,0.25,47,0.2549087845857551,"terminal: вход от 1, выход к 0; отдаёт 0.0%; оборот 45000 KZT; возможен артефакт обрыва графа на 4 колене"
100000006385877100,peripheral,0.4,4,0.30286190505011457,"peripheral: вход от 1, выход к 1; отдаёт 68.2%; оборот 90310 KZT"
100000006412162100,terminal,0.25,51,0.2387467023707469,"terminal: вход от 1, выход к 0; отдаёт 0.0%; оборот 15000 KZT; возможен артефакт обрыва графа на 4 колене"
100000006416061100,terminal,0.25,0,0.24894376307021376,"terminal: вход от 1, выход к 0; отдаёт 0.0%; оборот 30000 KZT; возможен артефакт обрыва графа на 4 колене"
100000006424479100,peripheral,0.4,12,0.4004659584501502,"peripheral: вход от 1, выход к 2; отдаёт 44.0%; оборот 720000 KZT"
100000006443391100,peripheral,0.4,4,0.3725528516538532,"peripheral: вход от 3, выход к 2; отдаёт 69.2%; оборот 146818 KZT"
100000006444163100,terminal,0.65,0,0.2836320894892002,"terminal: вход от 1, выход к 0; отдаёт 0.0%; оборот 6026 KZT; нет выхода в выборке"
100000006445501100,terminal,0.65,11,0.3927808878325527,"terminal: вход от 1, выход к 0; отдаёт 0.0%; оборот 91000 KZT; нет выхода в выборке"
100000006446271100,terminal,0.65,2,0.42365331342423596,"terminal: вход от 2, выход к 0; отдаёт 0.0%; оборот 80000 KZT; нет выхода в выборке"
100000006471232100,terminal,0.65,33,0.31212430708560973,"terminal: вход от 1, выход к 0; отдаёт 0.0%; оборот 41800 KZT; нет выхода в выборке"
100000006476758100,terminal,0.65,11,0.29778068608664343,"terminal: вход от 1, выход к 0; отдаёт 0.0%; оборот 5200 KZT; нет выхода в выборке"
100000006490557100,terminal,0.65,1,0.2892200028415821,"terminal: вход от 1, выход к 0; отдаёт 0.0%; оборот 5000 KZT; нет выхода в выборке"
100000006490615100,terminal,0.25,12,0.27007012214979476,"terminal: вход от 1, выход к 0; отдаёт 0.0%; оборот 41600 KZT; возможен артефакт обрыва графа на 4 колене"
100000006491272100,terminal,0.65,33,0.305252018531988,"terminal: вход от 1, выход к 0; отдаёт 0.0%; оборот 26200 KZT; нет выхода в выборке"
100000006491963100,terminal,0.25,51,0.23969612898159215,"terminal: вход от 1, выход к 0; отдаёт 0.0%; оборот 16000 KZT; возможен артефакт обрыва графа на 4 колене"
100000006492770100,peripheral,0.4,0,0.34757081772665266,"peripheral: вход от 1, выход к 1; отдаёт 7.4%; оборот 289000 KZT"
100000006512787100,terminal,0.25,0,0.2592959395867488,"terminal: вход от 1, выход к 0; отдаёт 0.0%; оборот 20000 KZT; возможен артефакт обрыва графа на 4 колене"
100000006518161100,transit,0.7471386929664255,5,0.49498730672177704,"transit: вход от 3, выход к 2; отдаёт 100.3%; оборот 1190099 KZT; рядом с входом ≤24ч: 64.8%"
100000006522972100,terminal,0.65,10,0.2903514109653854,"terminal: вход от 1, выход к 0; отдаёт 0.0%; оборот 9515 KZT; нет выхода в выборке"
100000006523053100,terminal,0.65,2,0.33343141371135615,"terminal: вход от 1, выход к 0; отдаёт 0.0%; оборот 5000 KZT; нет выхода в выборке"
100000006527156100,terminal,0.25,65,0.25601070577057344,"terminal: вход от 1, выход к 0; отдаёт 0.0%; оборот 48500 KZT; возможен артефакт обрыва графа на 4 колене"
100000006530134100,terminal,0.65,10,0.3983883467223612,"terminal: вход от 2, выход к 0; отдаёт 0.0%; оборот 144663 KZT; нет выхода в выборке"
100000006532229100,terminal,0.65,47,0.3535690433392743,"terminal: вход от 1, выход к 0; отдаёт 0.0%; оборот 105000 KZT; нет выхода в выборке"
100000006534886100,peripheral,0.4,5,0.306905422385792,"peripheral: вход от 1, выход к 1; отдаёт 233.6%; оборот 239200 KZT"
100000006557763100,terminal,0.65,2,0.3362903346127712,"terminal: вход от 1, выход к 0; отдаёт 0.0%; оборот 10000 KZT; нет выхода в выборке"
100000006562026100,terminal,0.65,97,0.4021467024093109,"terminal: вход от 2, выход к 0; отдаёт 0.0%; оборот 75000 KZT; нет выхода в выборке"
100000006564102100,terminal,0.65,2,0.3736437086737656,"terminal: вход от 1, выход к 0; отдаёт 0.0%; оборот 233235 KZT; нет выхода в выборке"
100000006567935100,terminal,0.65,34,0.3713820624262949,"terminal: вход от 1, выход к 0; отдаёт 0.0%; оборот 200000 KZT; нет выхода в выборке"
100000006573438100,terminal,0.65,78,0.2808866695082488,"terminal: вход от 1, выход к 0; отдаёт 0.0%; оборот 5000 KZT; нет выхода в выборке"
100000006579678100,distributor,0.6681208053691275,5,0.5217649792685869,"distributor: вход от 2, выход к 6; отдаёт 865.0%; оборот 1861730 KZT; рядом с входом ≤24ч: 12.1%"
100000006595426100,terminal,0.65,2,0.33086468816114867,"terminal: вход от 1, выход к 0; отдаёт 0.0%; оборот 84800 KZT; нет выхода в выборке"
100000006612238100,peripheral,0.4,29,0.330379039531594,"peripheral: вход от 1, выход к 1; отдаёт 15.6%; оборот 185000 KZT"
100000006638021100,terminal,0.25,69,0.3241493797467261,"terminal: вход от 2, выход к 0; отдаёт 0.0%; оборот 388500 KZT; возможен артефакт обрыва графа на 4 колене"
100000006641671100,transit,0.77,8,0.3760826381670406,"transit: вход от 2, выход к 1; отдаёт 113.6%; оборот 47000 KZT; рядом с входом ≤24ч: 80.0%"
100000006656003100,peripheral,0.4,36,0.31029565326872294,"peripheral: вход от 1, выход к 1; отдаёт 45.0%; оборот 29000 KZT"
100000006658598100,terminal,0.65,5,0.33084997005160616,"terminal: вход от 1, выход к 0; отдаёт 0.0%; оборот 9000 KZT; нет выхода в выборке"
100000006664478100,transit,0.75,44,0.3868464839898782,"transit: вход от 1, выход к 2; отдаёт 109.1%; оборот 115000 KZT; рядом с входом ≤24ч: 66.7%"
100000006679055100,terminal,0.65,2,0.34078992411270137,"terminal: вход от 1, выход к 0; отдаёт 0.0%; оборот 25000 KZT; нет выхода в выборке"
100000006684930100,terminal,0.65,12,0.3436274938098585,"terminal: вход от 1, выход к 0; отдаёт 0.0%; оборот 10000 KZT; нет выхода в выборке"
100000006687202100,terminal,0.65,0,0.3397595530574483,"terminal: вход от 1, выход к 0; отдаёт 0.0%; оборот 50000 KZT; нет выхода в выборке"
100000006689603100,terminal,0.25,8,0.28705120696608477,"terminal: вход от 1, выход к 0; отдаёт 0.0%; оборот 400000 KZT; возможен артефакт обрыва графа на 4 колене"
100000006693788100,terminal,0.25,0,0.23386502904889928,"terminal: вход от 1, выход к 0; отдаёт 0.0%; оборот 10764 KZT; возможен артефакт обрыва графа на 4 колене"
100000006701983100,terminal,0.65,33,0.30569450010379345,"terminal: вход от 1, выход к 0; отдаёт 0.0%; оборот 27000 KZT; нет выхода в выборке"
100000006704530100,peripheral,0.4,14,0.34604602791241235,"peripheral: вход от 1, выход к 3; отдаёт 95.0%; оборот 878500 KZT"
100000006706519100,terminal,0.25,0,0.26794310443185737,"terminal: вход от 1, выход к 0; отдаёт 0.0%; оборот 36000 KZT; возможен артефакт обрыва графа на 4 колене"
100000006707582100,distributor,0.7203662741458563,11,0.5374199071720563,"distributor: вход от 2, выход к 14; отдаёт 2432.0%; оборот 1000658 KZT; рядом с входом ≤24ч: 46.9%"
100000006710485100,terminal,0.65,33,0.3012795651375922,"terminal: вход от 1, выход к 0; отдаёт 0.0%; оборот 20000 KZT; нет выхода в выборке"
100000006714366100,peripheral,0.4,12,0.30312802736901473,"peripheral: вход от 1, выход к 1; отдаёт 47.6%; оборот 15500 KZT"
100000006734214100,consolidator,0.8,10,0.5911205672207006,"consolidator: вход от 5, выход к 3; отдаёт 5.9%; оборот 646000 KZT"
100000006734554100,peripheral,0.4,76,0.297802822260131,"peripheral: вход от 1, выход к 1; отдаёт 151.5%; оборот 41500 KZT"
100000006735545100,terminal,0.25,8,0.2504802222178574,"terminal: вход от 1, выход к 0; отдаёт 0.0%; оборот 5000 KZT; возможен артефакт обрыва графа на 4 колене"
100000006745291100,terminal,0.65,11,0.3913442939869114,"terminal: вход от 1, выход к 0; отдаёт 0.0%; оборот 82534 KZT; нет выхода в выборке"
100000006746688100,terminal,0.65,33,0.31184001609440165,"terminal: вход от 1, выход к 0; отдаёт 0.0%; оборот 41000 KZT; нет выхода в выборке"
100000006755850100,terminal,0.65,10,0.41997178513071853,"terminal: вход от 1, выход к 0; отдаёт 0.0%; оборот 443476 KZT; нет выхода в выборке"
100000006756956100,terminal,0.25,0,0.2973791796105282,"terminal: вход от 1, выход к 0; отдаёт 0.0%; оборот 121200 KZT; возможен артефакт обрыва графа на 4 колене"
100000006787636100,terminal,0.65,5,0.30961289847092555,"terminal: вход от 1, выход к 0; отдаёт 0.0%; оборот 20000 KZT; нет выхода в выборке"
100000006788200100,peripheral,0.4,44,0.46502760327479375,"peripheral: вход от 4, выход к 3; отдаёт 23.7%; оборот 336656 KZT"
100000006789108100,terminal,0.65,11,0.37973869590833187,"terminal: вход от 1, выход к 0; отдаёт 0.0%; оборот 37500 KZT; нет выхода в выборке"
100000006831291100,peripheral,0.4,97,0.28372740780563394,"peripheral: вход от 0, выход к 1; отдаёт н/д (вход=0); оборот 15000 KZT; вход seed неполон"
100000006844004100,terminal,0.65,2,0.30171441152218703,"terminal: вход от 1, выход к 0; отдаёт 0.0%; оборот 20600 KZT; нет выхода в выборке"
100000006844768100,peripheral,0.4,0,0.3705524297123922,"peripheral: вход от 1, выход к 2; отдаёт 66.7%; оборот 470000 KZT"
100000006852430100,terminal,0.65,11,0.3791916719584045,"terminal: вход от 1, выход к 0; отдаёт 0.0%; оборот 37000 KZT; нет выхода в выборке"
100000006866783100,distributor,0.55,0,0.6944561859482818,"distributor: вход от 13, выход к 67; отдаёт 470.7%; оборот 4786849 KZT; рядом с входом ≤24ч: 89.6%; вход seed неполон"
100000006866831100,terminal,0.25,0,0.240148812419274,"terminal: вход от 1, выход к 0; отдаёт 0.0%; оборот 16500 KZT; возможен артефакт обрыва графа на 4 колене"
100000006882208100,terminal,0.65,5,0.3160467038622957,"terminal: вход от 1, выход к 0; отдаёт 0.0%; оборот 18000 KZT; нет выхода в выборке"
100000006888238100,peripheral,0.4,58,0.28327680881010936,"peripheral: вход от 1, выход к 1; отдаёт 166.7%; оборот 48000 KZT"
100000006889963100,peripheral,0.4,10,0.5066454764405867,"peripheral: вход от 4, выход к 1; отдаёт 31.0%; оборот 1874476 KZT"
100000006894637100,terminal,0.65,0,0.31556980026181897,"terminal: вход от 1, выход к 0; отдаёт 0.0%; оборот 52831 KZT; нет выхода в выборке"
100000006901046100,peripheral,0.4,5,0.32098609568146763,"peripheral: вход от 1, выход к 1; отдаёт 7.3%; оборот 81300 KZT"
100000006903193100,terminal,0.25,0,0.2475492281961017,"terminal: вход от 1, выход к 0; отдаёт 0.0%; оборот 9000 KZT; возможен артефакт обрыва графа на 4 колене"
100000006912294100,peripheral,0.4,4,0.29422974042890215,"peripheral: вход от 1, выход к 2; отдаёт 473.6%; оборот 36335 KZT"
100000006918814100,terminal,0.25,2,0.24297882328208775,"terminal: вход от 1, выход к 0; отдаёт 0.0%; оборот 20000 KZT; возможен артефакт обрыва графа на 4 колене"
100000006919124100,terminal,0.65,0,0.32087941251891605,"terminal: вход от 1, выход к 0; отдаёт 0.0%; оборот 25000 KZT; нет выхода в выборке"
100000006952718100,terminal,0.65,5,0.36133640818201346,"terminal: вход от 1, выход к 0; отдаёт 0.0%; оборот 71489 KZT; нет выхода в выборке"
100000006965162100,terminal,0.65,15,0.2910827496067512,"terminal: вход от 1, выход к 0; отдаёт 0.0%; оборот 10000 KZT; нет выхода в выборке"
100000006967370100,peripheral,0.4,27,0.29370643023721416,"peripheral: вход от 1, выход к 1; отдаёт 40.7%; оборот 46751 KZT"
100000006972210100,terminal,0.65,4,0.4976492204493951,"terminal: вход от 3, выход к 0; отдаёт 0.0%; оборот 488775 KZT; нет выхода в выборке"
100000006977207100,distributor,0.65,8,0.5325468994073982,"distributor: вход от 1, выход к 15; отдаёт 1004.1%; оборот 4571018 KZT; рядом с входом ≤24ч: 0.0%"
100000006989106100,terminal,0.65,1,0.3267246167213999,"terminal: вход от 1, выход к 0; отдаёт 0.0%; оборот 64000 KZT; нет выхода в выборке"
100000006989232100,terminal,0.65,0,0.3028108556727658,"terminal: вход от 1, выход к 0; отдаёт 0.0%; оборот 22194 KZT; нет выхода в выборке"
100000006994985100,peripheral,0.4,44,0.33963925885969654,"peripheral: вход от 1, выход к 1; отдаёт 21.0%; оборот 58700 KZT"
100000007005380100,terminal,0.65,10,0.29017253526372644,"terminal: вход от 1, выход к 0; отдаёт 0.0%; оборот 9400 KZT; нет выхода в выборке"
100000007018630100,peripheral,0.4,40,0.32183439810723113,"peripheral: вход от 0, выход к 1; отдаёт н/д (вход=0); оборот 200000 KZT; вход seed неполон"
100000007020162100,terminal,0.65,43,0.3228054980591341,"terminal: вход от 1, выход к 0; отдаёт 0.0%; оборот 86395 KZT; нет выхода в выборке"
100000007022818100,terminal,0.65,33,0.2990607851072919,"terminal: вход от 1, выход к 0; отдаёт 0.0%; оборот 17200 KZT; нет выхода в выборке"
100000007034089100,terminal,0.25,47,0.31423317303466897,"terminal: вход от 2, выход к 0; отдаёт 0.0%; оборот 198000 KZT; возможен артефакт обрыва графа на 4 колене"
100000007042175100,terminal,0.25,0,0.2754581852552256,"terminal: вход от 1, выход к 0; отдаёт 0.0%; оборот 60000 KZT; возможен артефакт обрыва графа на 4 колене"
100000007055802100,peripheral,0.4,0,0.5016330404568701,"peripheral: вход от 6, выход к 1; отдаёт 29.9%; оборот 2629999 KZT"
100000007071852100,terminal,0.25,8,0.2927983363768737,"terminal: вход от 1, выход к 0; отдаёт 0.0%; оборот 195000 KZT; возможен артефакт обрыва графа на 4 колене"
100000007129492100,peripheral,0.4,11,0.3984829007548196,"peripheral: вход от 2, выход к 1; отдаёт 72.6%; оборот 87990 KZT"
100000007131370100,peripheral,0.4,3,0.3061205869328265,"peripheral: вход от 1, выход к 1; отдаёт 100.0%; оборот 60000 KZT"
100000007138613100,peripheral,0.4,0,0.4392786492840539,"peripheral: вход от 3, выход к 2; отдаёт 17.9%; оборот 1181000 KZT"
100000007140834100,terminal,0.65,44,0.29137405615128703,"terminal: вход от 1, выход к 0; отдаёт 0.0%; оборот 10200 KZT; нет выхода в выборке"
100000007153161100,terminal,0.25,0,0.27122492008242705,"terminal: вход от 1, выход к 0; отдаёт 0.0%; оборот 44997 KZT; возможен артефакт обрыва графа на 4 колене"
100000007170072100,peripheral,0.4,8,0.31111248704714467,"peripheral: вход от 1, выход к 2; отдаёт 99.5%; оборот 199500 KZT"
100000007173936100,terminal,0.65,34,0.3273103775051975,"terminal: вход от 1, выход к 0; отдаёт 0.0%; оборот 10000 KZT; нет выхода в выборке"
100000007175718100,terminal,0.65,63,0.3262795651375922,"terminal: вход от 1, выход к 0; отдаёт 0.0%; оборот 20000 KZT; нет выхода в выборке"
100000007181706100,terminal,0.65,2,0.4352756823757651,"terminal: вход от 2, выход к 0; отдаёт 0.0%; оборот 176272 KZT; нет выхода в выборке"
100000007197866100,peripheral,0.4,8,0.27837195997140857,"peripheral: вход от 1, выход к 1; отдаёт 75.0%; оборот 35000 KZT"
100000007229557100,terminal,0.65,38,0.4623523147116788,"terminal: вход от 3, выход к 0; отдаёт 0.0%; оборот 878000 KZT; нет выхода в выборке"
100000007242833100,peripheral,0.4,7,0.34695688025135696,"peripheral: вход от 1, выход к 1; отдаёт 41.9%; оборот 152500 KZT"
100000007267915100,peripheral,0.4,27,0.3103769380438835,"peripheral: вход от 2, выход к 1; отдаёт 47.6%; оборот 31000 KZT"
100000007274584100,terminal,0.65,2,0.3725963947472549,"terminal: вход от 1, выход к 0; отдаёт 0.0%; оборот 38000 KZT; нет выхода в выборке"
100000007281639100,terminal,0.65,5,0.4293382691716034,"terminal: вход от 2, выход к 0; отдаёт 0.0%; оборот 216770 KZT; нет выхода в выборке"
100000007283257100,terminal,0.65,86,0.3595538661907936,"terminal: вход от 1, выход к 0; отдаёт 0.0%; оборот 192000 KZT; нет выхода в выборке"
100000007289427100,terminal,0.65,2,0.30246139128988997,"terminal: вход от 1, выход к 0; отдаёт 0.0%; оборот 12300 KZT; нет выхода в выборке"
100000007303047100,terminal,0.65,33,0.315407114884596,"terminal: вход от 1, выход к 0; отдаёт 0.0%; оборот 52250 KZT; нет выхода в выборке"
100000007311010100,peripheral,0.4,2,0.3954993379486018,"peripheral: вход от 2, выход к 1; отдаёт 31.0%; оборот 84480 KZT"
100000007322059100,peripheral,0.4,46,0.3108359657085519,"peripheral: вход от 2, выход к 1; отдаёт 77.6%; оборот 51500 KZT"
100000007330432100,terminal,0.25,62,0.29264139075076795,"terminal: вход от 1, выход к 0; отдаёт 0.0%; оборот 584900 KZT; возможен артефакт обрыва графа на 4 колене"
100000007333038100,peripheral,0.4,23,0.2913090309502373,"peripheral: вход от 1, выход к 2; отдаёт 200.0%; оборот 52494 KZT"
100000007334196100,terminal,0.65,11,0.4001336999778985,"terminal: вход от 1, выход к 0; отдаёт 0.0%; оборот 150002 KZT; нет выхода в выборке"
100000007337374100,terminal,0.65,29,0.30961289847092555,"terminal: вход от 1, выход к 0; отдаёт 0.0%; оборот 20000 KZT; нет выхода в выборке"
100000007347733100,terminal,0.65,97,0.3283401174680579,"terminal: вход от 1, выход к 0; отдаёт 0.0%; оборот 23007 KZT; нет выхода в выборке"
100000007357489100,terminal,0.25,47,0.311506232007855,"terminal: вход от 2, выход к 0; отдаёт 0.0%; оборот 164500 KZT; возможен артефакт обрыва графа на 4 колене"
100000007381662100,terminal,0.25,0,0.2505011895298406,"terminal: вход от 1, выход к 0; отдаёт 0.0%; оборот 11000 KZT; возможен артефакт обрыва графа на 4 колене"
100000007382152100,terminal,0.65,0,0.3078716468822987,"terminal: вход от 1, выход к 0; отдаёт 0.0%; оборот 5860 KZT; нет выхода в выборке"
100000007382543100,distributor,0.685128805620609,15,0.47573757382436377,"distributor: вход от 3, выход к 5; отдаёт 195.9%; оборот 645000 KZT; рядом с входом ≤24ч: 23.4%"
100000007390016100,peripheral,0.4,98,0.3556475892405264,"peripheral: вход от 1, выход к 1; отдаёт 67.8%; оборот 857500 KZT"
100000007392365100,distributor,0.65,77,0.4871854490008275,"distributor: вход от 1, выход к 6; отдаёт 18366.8%; оборот 1775213 KZT; рядом с входом ≤24ч: 0.0%"
100000007442518100,distributor,0.7611425251453677,34,0.5973240720073272,"distributor: вход от 5, выход к 9; отдаёт 866.7%; оборот 4929999 KZT; рядом с входом ≤24ч: 74.1%"
100000007472293100,peripheral,0.4,69,0.35882572554117953,"peripheral: вход от 1, выход к 3; отдаёт 6918.0%; оборот 350900 KZT"
100000007484343100,terminal,0.65,0,0.3619835604640751,"terminal: вход от 2, выход к 0; отдаёт 0.0%; оборот 26757 KZT; нет выхода в выборке"
100000007487729100,terminal,0.65,0,0.304562296214255,"terminal: вход от 1, выход к 0; отдаёт 0.0%; оборот 25000 KZT; нет выхода в выборке"
100000007507343100,terminal,0.65,67,0.36920498500764476,"terminal: вход от 1, выход к 0; отдаёт 0.0%; оборот 370000 KZT; нет выхода в выборке"
100000007510567100,terminal,0.25,17,0.2733529296103719,"terminal: вход от 1, выход к 0; отдаёт 0.0%; оборот 52000 KZT; возможен артефакт обрыва графа на 4 колене"
100000007510875100,terminal,0.65,4,0.2808866695082488,"terminal: вход от 1, выход к 0; отдаёт 0.0%; оборот 5000 KZT; нет выхода в выборке"
100000007511163100,peripheral,0.4,5,0.3688567217517593,"peripheral: вход от 2, выход к 3; отдаёт 128.9%; оборот 145718 KZT"
100000007511780100,terminal,0.25,0,0.27310375037449686,"terminal: вход от 1, выход к 0; отдаёт 0.0%; оборот 155000 KZT; возможен артефакт обрыва графа на 4 колене"
100000007534354100,peripheral,0.4,11,0.3308319871020619,"peripheral: вход от 1, выход к 3; отдаёт 295.6%; оборот 197810 KZT"
100000007536804100,peripheral,0.4,1,0.3467732006331771,"peripheral: вход от 1, выход к 2; отдаёт 55.0%; оборот 155000 KZT"
100000007539296100,terminal,0.25,10,0.2552321301952378,"terminal: вход от 1, выход к 0; отдаёт 0.0%; оборот 46000 KZT; возможен артефакт обрыва графа на 4 колене"
100000007544358100,peripheral,0.4,5,0.3701458387669938,"peripheral: вход от 2, выход к 1; отдаёт 108.5%; оборот 672500 KZT"
100000007591246100,peripheral,0.4,12,0.306164186123377,"peripheral: вход от 1, выход к 1; отдаёт 984.4%; оборот 132190 KZT"
100000007593823100,distributor,0.7101289134438306,0,0.523152824883153,"distributor: вход от 3, выход к 13; отдаёт 651.6%; оборот 187900 KZT; рядом с входом ≤24ч: 40.1%"
100000007594394100,peripheral,0.4,48,0.43566291155674874,"peripheral: вход от 6, выход к 1; отдаёт 853.9%; оборот 3771697 KZT"
100000007597382100,terminal,0.65,10,0.32561271491563953,"terminal: вход от 1, выход к 0; отдаёт 0.0%; оборот 15700 KZT; нет выхода в выборке"
100000007617808100,terminal,0.65,5,0.3922923486218358,"terminal: вход от 1, выход к 0; отдаёт 0.0%; оборот 450000 KZT; нет выхода в выборке"
100000007618425100,terminal,0.65,27,0.3112349737207319,"terminal: вход от 1, выход к 0; отдаёт 0.0%; оборот 39348 KZT; нет выхода в выборке"
100000007629096100,peripheral,0.4,0,0.42269946353513027,"peripheral: вход от 4, выход к 1; отдаёт 71.2%; оборот 1840375 KZT"
100000007629121100,terminal,0.65,2,0.35195334869257094,"terminal: вход от 1, выход к 0; отдаёт 0.0%; оборот 29000 KZT; нет выхода в выборке"
100000007631637100,terminal,0.65,36,0.3223781292828662,"terminal: вход от 1, выход к 0; отдаёт 0.0%; оборот 15341 KZT; нет выхода в выборке"
100000007639767100,distributor,0.65,0,0.535288472643869,"distributor: вход от 4, выход к 10; отдаёт 904.4%; оборот 913157 KZT; рядом с входом ≤24ч: 0.0%"
100000007641183100,terminal,0.65,5,0.3475466361429675,"terminal: вход от 1, выход к 0; отдаёт 0.0%; оборот 28000 KZT; нет выхода в выборке"
100000007641801100,terminal,0.65,1,0.36015443452784857,"terminal: вход от 1, выход к 0; отдаёт 0.0%; оборот 200000 KZT; нет выхода в выборке"
100000007647294100,terminal,0.65,41,0.3447896414394189,"terminal: вход от 1, выход к 0; отдаёт 0.0%; оборот 385000 KZT; нет выхода в выборке"
100000007648946100,peripheral,0.4,12,0.2988461512026679,"peripheral: вход от 1, выход к 1; отдаёт 127.9%; оборот 44550 KZT"
100000007653003100,terminal,0.65,27,0.32495695701358507,"terminal: вход от 1, выход к 0; отдаёт 0.0%; оборот 100000 KZT; нет выхода в выборке"
100000007653094100,terminal,0.25,12,0.27657038065427886,"terminal: вход от 1, выход к 0; отдаёт 0.0%; оборот 16000 KZT; возможен артефакт обрыва графа на 4 колене"
100000007689942100,peripheral,0.4,48,0.28307787949391705,"peripheral: вход от 1, выход к 2; отдаёт 500.0%; оборот 30000 KZT"
100000007731977100,terminal,0.25,0,0.2727759275066049,"terminal: вход от 1, выход к 0; отдаёт 0.0%; оборот 50000 KZT; возможен артефакт обрыва графа на 4 колене"
100000007737775100,terminal,0.65,59,0.2998856022918305,"terminal: вход от 1, выход к 0; отдаёт 0.0%; оборот 6000 KZT; нет выхода в выборке"
100000007745062100,terminal,0.25,7,0.2829733314627417,"terminal: вход от 1, выход к 0; отдаёт 0.0%; оборот 100000 KZT; возможен артефакт обрыва графа на 4 колене"
100000007747786100,distributor,0.55,1,0.5882942172233079,"distributor: вход от 0, выход к 31; отдаёт н/д (вход=0); оборот 4238009 KZT; рядом с входом ≤24ч: 0.0%; вход seed неполон"
100000007749092100,peripheral,0.4,5,0.29042417528216335,"peripheral: вход от 1, выход к 1; отдаёт 919.9%; оборот 78025 KZT"
100000007749747100,terminal,0.25,47,0.25645881120194386,"terminal: вход от 1, выход к 0; отдаёт 0.0%; оборот 50000 KZT; возможен артефакт обрыва графа на 4 колене"
100000007754369100,terminal,0.65,0,0.322113262415879,"terminal: вход от 1, выход к 0; отдаёт 0.0%; оборот 82424 KZT; нет выхода в выборке"
100000007777377100,peripheral,0.4,5,0.4002417242492015,"peripheral: вход от 1, выход к 2; отдаёт 2.2%; оборот 466290 KZT"
100000007793871100,terminal,0.65,11,0.3330335815669114,"terminal: вход от 1, выход к 0; отдаёт 0.0%; оборот 26000 KZT; нет выхода в выборке"
100000007797290100,peripheral,0.4,0,0.33891476396550124,"peripheral: вход от 1, выход к 1; отдаёт 20.0%; оборот 120000 KZT"
100000007811950100,terminal,0.25,13,0.25645881120194386,"terminal: вход от 1, выход к 0; отдаёт 0.0%; оборот 50000 KZT; возможен артефакт обрыва графа на 4 колене"
100000007841978100,terminal,0.25,10,0.3166455867821514,"terminal: вход от 1, выход к 0; отдаёт 0.0%; оборот 449000 KZT; возможен артефакт обрыва графа на 4 колене"
100000007861311100,terminal,0.65,1,0.3215428597745929,"terminal: вход от 1, выход к 0; отдаёт 0.0%; оборот 45000 KZT; нет выхода в выборке"
100000007863304100,terminal,0.65,10,0.332456590779368,"terminal: вход от 1, выход к 0; отдаёт 0.0%; оборот 25000 KZT; нет выхода в выборке"
100000007864477100,distributor,0.7056511056511057,0,0.474496887187015,"distributor: вход от 2, выход к 6; отдаёт 267.8%; оборот 279500 KZT; рядом с входом ≤24ч: 37.1%"
100000007865484100,terminal,0.25,77,0.3089509592496011,"terminal: вход от 1, выход к 0; отдаёт 0.0%; оборот 584600 KZT; возможен артефакт обрыва графа на 4 колене"
100000007867364100,terminal,0.25,48,0.2538418553735391,"terminal: вход от 1, выход к 0; отдаёт 0.0%; оборот 41852 KZT; возможен артефакт обрыва графа на 4 колене"
100000007898453100,peripheral,0.4,2,0.36420605508885495,"peripheral: вход от 1, выход к 2; отдаёт 1292.9%; оборот 344750 KZT"
100000007908818100,peripheral,0.4,2,0.5174042348421259,"peripheral: вход от 4, выход к 6; отдаёт 41.5%; оборот 1029475 KZT"
100000007930878100,terminal,0.65,22,0.2892200028415821,"terminal: вход от 1, выход к 0; отдаёт 0.0%; оборот 5000 KZT; нет выхода в выборке"
100000007938486100,terminal,0.65,36,0.3362916945866077,"terminal: вход от 1, выход к 0; отдаёт 0.0%; оборот 39500 KZT; нет выхода в выборке"
100000007939160100,peripheral,0.4,22,0.3882726307016765,"peripheral: вход от 1, выход к 2; отдаёт 1.8%; оборот 809300 KZT"
100000007953156100,peripheral,0.4,43,0.3175975145675104,"peripheral: вход от 1, выход к 1; отдаёт 55.6%; оборот 28000 KZT"
100000007960337100,terminal,0.25,8,0.27931452346638586,"terminal: вход от 1, выход к 0; отдаёт 0.0%; оборот 35500 KZT; возможен артефакт обрыва графа на 4 колене"
100000007982728100,distributor,0.55,44,0.5093751562830557,"distributor: вход от 0, выход к 8; отдаёт н/д (вход=0); оборот 1804384 KZT; рядом с входом ≤24ч: 0.0%; вход seed неполон"
100000007982908100,terminal,0.65,29,0.31609814109554973,"terminal: вход от 1, выход к 0; отдаёт 0.0%; оборот 31080 KZT; нет выхода в выборке"
100000007988344100,terminal,0.25,0,0.2592959395867488,"terminal: вход от 1, выход к 0; отдаёт 0.0%; оборот 20000 KZT; возможен артефакт обрыва графа на 4 колене"
100000007997939100,terminal,0.25,47,0.25295867618929396,"terminal: вход от 1, выход к 0; отдаёт 0.0%; оборот 13000 KZT; возможен артефакт обрыва графа на 4 колене"
100000007998965100,consolidator,0.8,11,0.5813166019434323,"consolidator: вход от 5, выход к 1; отдаёт 9.4%; оборот 304000 KZT"
100000007999728100,terminal,0.65,43,0.30349468364026433,"terminal: вход от 1, выход к 0; отдаёт 0.0%; оборот 23250 KZT; нет выхода в выборке"
100000008002020100,peripheral,0.4,7,0.33419754344341923,"peripheral: вход от 1, выход к 1; отдаёт 23.0%; оборот 90860 KZT"
100000008003034100,peripheral,0.4,12,0.3690056903658235,"peripheral: вход от 1, выход к 4; отдаёт 1106.5%; оборот 147201 KZT"
100000008008463100,terminal,0.65,44,0.32427406947206855,"terminal: вход от 1, выход к 0; отдаёт 0.0%; оборот 54180 KZT; нет выхода в выборке"
100000008011159100,peripheral,0.4,78,0.429369726133288,"peripheral: вход от 3, выход к 5; отдаёт 42.2%; оборот 516037 KZT"
100000008011573100,terminal,0.65,27,0.29704744422625134,"terminal: вход от 1, выход к 0; отдаёт 0.0%; оборот 15000 KZT; нет выхода в выборке"
100000008027922100,terminal,0.25,28,0.26140889199757544,"terminal: вход от 1, выход к 0; отдаёт 0.0%; оборот 70000 KZT; возможен артефакт обрыва графа на 4 колене"
100000008028628100,terminal,0.65,36,0.341744900094022,"terminal: вход от 1, выход к 0; отдаёт 0.0%; оборот 57224 KZT; нет выхода в выборке"
100000008029279100,terminal,0.65,8,0.2988887235429858,"terminal: вход от 1, выход к 0; отдаёт 0.0%; оборот 17000 KZT; нет выхода в выборке"
100000008038077100,terminal,0.65,10,0.3765246999800974,"terminal: вход от 1, выход к 0; отдаёт 0.0%; оборот 499850 KZT; нет выхода в выборке"
100000008042075100,terminal,0.65,20,0.2808866695082488,"terminal: вход от 1, выход к 0; отдаёт 0.0%; оборот 5000 KZT; нет выхода в выборке"
100000008043184100,terminal,0.65,27,0.31492457165982496,"terminal: вход от 1, выход к 0; отдаёт 0.0%; оборот 50564 KZT; нет выхода в выборке"
100000008050986100,terminal,0.25,10,0.29379589275750795,"terminal: вход от 1, выход к 0; отдаёт 0.0%; оборот 95000 KZT; возможен артефакт обрыва графа на 4 колене"
100000008055972100,terminal,0.65,33,0.30638630391985494,"terminal: вход от 1, выход к 0; отдаёт 0.0%; оборот 28300 KZT; нет выхода в выборке"
100000008060273100,terminal,0.65,2,0.3599446101145196,"terminal: вход от 1, выход к 0; отдаёт 0.0%; оборот 10000 KZT; нет выхода в выборке"
100000008066326100,terminal,0.65,0,0.3257706832008997,"terminal: вход от 1, выход к 0; отдаёт 0.0%; оборот 19320 KZT; нет выхода в выборке"
100000008070101100,terminal,0.65,47,0.3412740733182461,"terminal: вход от 1, выход к 0; отдаёт 0.0%; оборот 100000 KZT; нет выхода в выборке"
100000008071620100,terminal,0.65,0,0.33883924374948954,"terminal: вход от 1, выход к 0; отдаёт 0.0%; оборот 46968 KZT; нет выхода в выборке"
100000008071749100,terminal,0.25,17,0.2625450904501065,"terminal: вход от 1, выход к 0; отдаёт 0.0%; оборот 24943 KZT; возможен артефакт обрыва графа на 4 колене"
100000008074304100,terminal,0.25,10,0.25188215398502345,"terminal: вход от 1, выход к 0; отдаёт 0.0%; оборот 5500 KZT; возможен артефакт обрыва графа на 4 колене"
100000008077552100,terminal,0.65,8,0.3361498207994721,"terminal: вход от 1, выход к 0; отдаёт 0.0%; оборот 214000 KZT; нет выхода в выборке"
100000008086440100,distributor,0.65,0,0.462983884736679,"distributor: вход от 1, выход к 5; отдаёт 80.8%; оборот 361033 KZT; рядом с входом ≤24ч: 0.0%"
100000008088082100,peripheral,0.4,12,0.31194410477820533,"peripheral: вход от 1, выход к 1; отдаёт 127.8%; оборот 89138 KZT"
100000008094734100,terminal,0.65,0,0.4901104331287909,"terminal: вход от 4, выход к 0; отдаёт 0.0%; оборот 236249 KZT; нет выхода в выборке"
100000008097580100,terminal,0.65,8,0.34829890833159705,"terminal: вход от 2, выход к 0; отдаёт 0.0%; оборот 32000 KZT; нет выхода в выборке"
100000008104567100,peripheral,0.4,17,0.3700802677142746,"peripheral: вход от 3, выход к 3; отдаёт 74.7%; оборот 93550 KZT"
100000008106997100,peripheral,0.4,2,0.3385342032934691,"peripheral: вход от 2, выход к 1; отдаёт 57.9%; оборот 56200 KZT"
100000008111003100,consolidator,0.8,0,0.5776338853064854,"consolidator: вход от 6, выход к 1; отдаёт 15.7%; оборот 257716 KZT"
100000008116374100,terminal,0.65,5,0.3491781704127086,"terminal: вход от 1, выход к 0; отдаёт 0.0%; оборот 31284 KZT; нет выхода в выборке"
100000008117324100,peripheral,0.4,99,0.10600000000000001,"peripheral: вход от 0, выход к 0; отдаёт н/д (вход=0); оборот 0 KZT; вход seed неполон"
100000008121806100,peripheral,0.4,8,0.3389047427933535,"peripheral: вход от 1, выход к 4; отдаёт 370.9%; оборот 315509 KZT"
100000008129393100,terminal,0.65,97,0.3160827496067512,"terminal: вход от 1, выход к 0; отдаёт 0.0%; оборот 10000 KZT; нет выхода в выборке"
100000008130868100,terminal,0.25,23,0.2448947962488276,"terminal: вход от 1, выход к 0; отдаёт 0.0%; оборот 22782 KZT; возможен артефакт обрыва графа на 4 колене"
100000008136608100,terminal,0.25,17,0.2744627342544883,"terminal: вход от 1, выход к 0; отдаёт 0.0%; оборот 170000 KZT; возможен артефакт обрыва графа на 4 колене"
100000008137435100,distributor,0.6941642600549413,28,0.5063088420721399,"distributor: вход от 2, выход к 6; отдаёт 1511.8%; оборот 1513606 KZT; рядом с входом ≤24ч: 29.4%"
100000008141170100,terminal,0.65,5,0.3008181484140173,"terminal: вход от 1, выход к 0; отдаёт 0.0%; оборот 11000 KZT; нет выхода в выборке"
100000008144528100,consolidator,0.8,5,0.5995504014777497,"consolidator: вход от 5, выход к 0; отдаёт 0.0%; оборот 1068203 KZT"
100000008151098100,terminal,0.25,14,0.24894376307021376,"terminal: вход от 1, выход к 0; отдаёт 0.0%; оборот 30000 KZT; возможен артефакт обрыва графа на 4 колене"
100000008165763100,coordinator,0.7333333333333333,2,0.6375524914101882,"coordinator: вход от 15, выход к 17; отдаёт 108.8%; оборот 2433673 KZT; seed ≤2 шага: 3, входных ветвей: 15"
100000008168850100,terminal,0.25,10,0.3038306390865926,"terminal: вход от 1, выход к 0; отдаёт 0.0%; оборот 187910 KZT; возможен артефакт обрыва графа на 4 колене"
100000008169544100,peripheral,0.4,5,0.3941746109665555,"peripheral: вход от 1, выход к 4; отдаёт 31.2%; оборот 179904 KZT"
100000008172352100,distributor,0.6919467375911023,46,0.512448814948958,"distributor: вход от 3, выход к 7; отдаёт 320.7%; оборот 379775 KZT; рядом с входом ≤24ч: 28.0%"
100000008172721100,terminal,0.25,8,0.27431793421732753,"terminal: вход от 1, выход к 0; отдаёт 0.0%; оборот 168335 KZT; возможен артефакт обрыва графа на 4 колене"
100000008173359100,terminal,0.65,5,0.32515283473824996,"terminal: вход от 1, выход к 0; отдаёт 0.0%; оборот 6110 KZT; нет выхода в выборке"
100000008174521100,terminal,0.65,5,0.3582847377409544,"terminal: вход от 1, выход к 0; отдаёт 0.0%; оборот 82110 KZT; нет выхода в выборке"
100000008175078100,terminal,0.25,19,0.33745030750804783,"terminal: вход от 1, выход к 0; отдаёт 0.0%; оборот 1846711 KZT; возможен артефакт обрыва графа на 4 колене"
100000008183752100,terminal,0.25,38,0.27160633798679235,"terminal: вход от 1, выход к 0; отдаёт 0.0%; оборот 140000 KZT; возможен артефакт обрыва графа на 4 колене"
100000008188026100,peripheral,0.4,3,0.3926493097017415,"peripheral: вход от 2, выход к 4; отдаёт 390.9%; оборот 424451 KZT"
100000008190411100,terminal,0.25,55,0.2767392314705502,"terminal: вход от 1, выход к 0; отдаёт 0.0%; оборот 198450 KZT; возможен артефакт обрыва графа на 4 колене"
100000008190442100,terminal,0.65,33,0.29494230174013736,"terminal: вход от 1, выход к 0; отдаёт 0.0%; оборот 13000 KZT; нет выхода в выборке"
100000008192264100,transit,0.7812490021818956,10,0.4198463358660368,"transit: вход от 1, выход к 1; отдаёт 115.4%; оборот 350720 KZT; рядом с входом ≤24ч: 87.5%"
100000008193258100,peripheral,0.4,27,0.3058396754491086,"peripheral: вход от 1, выход к 1; отдаёт 40.0%; оборот 105000 KZT"
100000008193577100,distributor,0.6540578533050107,9,0.48134033609425925,"distributor: вход от 2, выход к 5; отдаёт 311.2%; оборот 634480 KZT; рядом с входом ≤24ч: 2.7%"
100000008200810100,terminal,0.65,23,0.3641973127997777,"terminal: вход от 1, выход к 0; отдаёт 0.0%; оборот 475000 KZT; нет выхода в выборке"
100000008205000100,peripheral,0.4,100,0.10600000000000001,"peripheral: вход от 0, выход к 0; отдаёт н/д (вход=0); оборот 0 KZT; вход seed неполон"
100000008205937100,terminal,0.65,12,0.3620570371489953,"terminal: вход от 1, выход к 0; отдаёт 0.0%; оборот 35000 KZT; нет выхода в выборке"
100000008213966100,peripheral,0.4,15,0.36404852294657253,"peripheral: вход от 3, выход к 1; отдаёт 233.6%; оборот 623904 KZT"
100000008219168100,terminal,0.65,1,0.3406721973233625,"terminal: вход от 1, выход к 0; отдаёт 0.0%; оборот 53200 KZT; нет выхода в выборке"
100000008221543100,terminal,0.65,27,0.4149263990727691,"terminal: вход от 2, выход к 0; отдаёт 0.0%; оборот 542000 KZT; нет выхода в выборке"
100000008221765100,terminal,0.25,10,0.30112600209789964,"terminal: вход от 1, выход к 0; отдаёт 0.0%; оборот 156354 KZT; возможен артефакт обрыва графа на 4 колене"
100000008223661100,distributor,0.66907133064209,47,0.47032417770179974,"distributor: вход от 2, выход к 5; отдаёт 130.0%; оборот 464580 KZT; рядом с входом ≤24ч: 12.7%"
100000008223756100,terminal,0.65,8,0.39901864790091196,"terminal: вход от 2, выход к 0; отдаёт 0.0%; оборот 331682 KZT; нет выхода в выборке"
100000008229700100,peripheral,0.4,7,0.3157726549457049,"peripheral: вход от 1, выход к 1; отдаёт 30.6%; оборот 30700 KZT"
100000008232832100,peripheral,0.4,55,0.3896126615669713,"peripheral: вход от 1, выход к 1; отдаёт 40.9%; оборот 475000 KZT"
100000008237827100,terminal,0.65,2,0.37335136788377254,"terminal: вход от 1, выход к 0; отдаёт 0.0%; оборот 40001 KZT; нет выхода в выборке"
100000008238112100,terminal,0.65,10,0.362294108255768,"terminal: вход от 1, выход к 0; отдаёт 0.0%; оборот 190000 KZT; нет выхода в выборке"
100000008238989100,terminal,0.65,28,0.3434877678611819,"terminal: вход от 1, выход к 0; отдаёт 0.0%; оборот 200000 KZT; нет выхода в выборке"
100000008244300100,consolidator,0.8,10,0.566150479012876,"consolidator: вход от 5, выход к 0; отдаёт 0.0%; оборот 65430 KZT"
100000008251939100,terminal,0.25,17,0.2710151667291067,"terminal: вход от 1, выход к 0; отдаёт 0.0%; оборот 44360 KZT; возможен артефакт обрыва графа на 4 колене"
100000008254069100,distributor,0.663953488372093,54,0.47126248412392413,"distributor: вход от 1, выход к 5; отдаёт 1053.9%; оборот 117700 KZT; рядом с входом ≤24ч: 9.3%"
100000008254576100,peripheral,0.4,41,0.2800676582185807,"peripheral: вход от 1, выход к 1; отдаёт 750.0%; оборот 68000 KZT"
100000008255655100,terminal,0.25,27,0.22371795721864496,"terminal: вход от 1, выход к 0; отдаёт 0.0%; оборот 5400 KZT; возможен артефакт обрыва графа на 4 колене"
100000008258083100,peripheral,0.4,34,0.42475064214727165,"peripheral: вход от 2, выход к 2; отдаёт 65.0%; оборот 5195150 KZT"
100000008258458100,peripheral,0.4,82,0.3576843832987598,"peripheral: вход от 1, выход к 2; отдаёт 8199.9%; оборот 1576988 KZT"
100000008259451100,terminal,0.65,43,0.31616172551517274,"terminal: вход от 1, выход к 0; отдаёт 0.0%; оборот 55000 KZT; нет выхода в выборке"
100000008279405100,terminal,0.65,8,0.33751058217579255,"terminal: вход от 1, выход к 0; отдаёт 0.0%; оборот 234738 KZT; нет выхода в выборке"
100000008283183100,terminal,0.65,29,0.31507909701988424,"terminal: вход от 1, выход к 0; отдаёт 0.0%; оборот 29000 KZT; нет выхода в выборке"
100000008289539100,terminal,0.65,3,0.3331885135972795,"terminal: вход от 1, выход к 0; отдаёт 0.0%; оборот 14912 KZT; нет выхода в выборке"
100000008293431100,distributor,0.65,0,0.43830395720183385,"distributor: вход от 1, выход к 5; отдаёт 1980.0%; оборот 312000 KZT; рядом с входом ≤24ч: 0.0%"
100000008295429100,terminal,0.65,10,0.37136556941874743,"terminal: вход от 1, выход к 0; отдаёт 0.0%; оборот 352000 KZT; нет выхода в выборке"
100000008297199100,terminal,0.65,0,0.3286052218130444,"terminal: вход от 1, выход к 0; отдаёт 0.0%; оборот 42268 KZT; нет выхода в выборке"
100000008304115100,terminal,0.65,7,0.3400508826768209,"terminal: вход от 1, выход к 0; отдаёт 0.0%; оборот 51000 KZT; нет выхода в выборке"
100000008304139100,distributor,0.6679858558520777,2,0.5831140235887171,"distributor: вход от 4, выход к 24; отдаёт 894.2%; оборот 1882327 KZT; рядом с входом ≤24ч: 12.0%"
100000008306857100,terminal,0.65,23,0.3445569220842046,"terminal: вход от 1, выход к 0; отдаёт 0.0%; оборот 125000 KZT; нет выхода в выборке"
100000008308418100,terminal,0.25,0,0.2727759275066049,"terminal: вход от 1, выход к 0; отдаёт 0.0%; оборот 50000 KZT; возможен артефакт обрыва графа на 4 колене"
100000008309514100,terminal,0.65,33,0.2990607851072919,"terminal: вход от 1, выход к 0; отдаёт 0.0%; оборот 17200 KZT; нет выхода в выборке"
100000008314203100,peripheral,0.4,55,0.4441749982451232,"peripheral: вход от 2, выход к 2; отдаёт 85.6%; оборот 709076 KZT; вход seed неполон"
100000008314863100,terminal,0.65,2,0.3100819275221902,"terminal: вход от 1, выход к 0; отдаёт 0.0%; оборот 12000 KZT; нет выхода в выборке"
100000008321975100,terminal,0.25,32,0.24133763639728334,"terminal: вход от 1, выход к 0; отдаёт 0.0%; оборот 5900 KZT; возможен артефакт обрыва графа на 4 колене"
100000008324800100,peripheral,0.4,98,0.3850096398388635,"peripheral: вход от 3, выход к 1; отдаёт 97.1%; оборот 1037500 KZT"
100000008327791100,terminal,0.25,27,0.23418407322517953,"terminal: вход от 1, выход к 0; отдаёт 0.0%; оборот 11000 KZT; возможен артефакт обрыва графа на 4 колене"
100000008331280100,terminal,0.25,14,0.2535392742388972,"terminal: вход от 1, выход к 0; отдаёт 0.0%; оборот 41000 KZT; возможен артефакт обрыва графа на 4 колене"
100000008332511100,terminal,0.65,44,0.3618312086862718,"terminal: вход от 1, выход к 0; отдаёт 0.0%; оборот 100000 KZT; нет выхода в выборке"
100000008333492100,terminal,0.25,69,0.2780131537449141,"terminal: вход от 1, выход к 0; отдаёт 0.0%; оборот 216400 KZT; возможен артефакт обрыва графа на 4 колене"
100000008335401100,terminal,0.65,17,0.3555725425893161,"terminal: вход от 1, выход к 0; отдаёт 0.0%; оборот 150000 KZT; нет выхода в выборке"
100000008336318100,terminal,0.25,47,0.2744627342544883,"terminal: вход от 1, выход к 0; отдаёт 0.0%; оборот 170000 KZT; возможен артефакт обрыва графа на 4 колене"
100000008337304100,terminal,0.25,8,0.26743901540777826,"terminal: вход от 1, выход к 0; отдаёт 0.0%; оборот 105465 KZT; возможен артефакт обрыва графа на 4 колене"
100000008343415100,terminal,0.25,8,0.2829733314627417,"terminal: вход от 1, выход к 0; отдаёт 0.0%; оборот 100000 KZT; возможен артефакт обрыва графа на 4 колене"
100000008343874100,peripheral,0.4,8,0.37057379683021424,"peripheral: вход от 2, выход к 2; отдаёт 62.2%; оборот 459935 KZT"
100000008346837100,distributor,0.7765501019749047,12,0.6234536607423922,"distributor: вход от 9, выход к 25; отдаёт 494.8%; оборот 1513002 KZT; рядом с входом ≤24ч: 84.4%"
100000008349675100,peripheral,0.4,1,0.3148834431870495,"peripheral: вход от 1, выход к 1; отдаёт 78.8%; оборот 83170 KZT"
100000008349740100,terminal,0.25,19,0.2893031865626884,"terminal: вход от 1, выход к 0; отдаёт 0.0%; оборот 70000 KZT; возможен артефакт обрыва графа на 4 колене"
100000008352542100,terminal,0.65,2,0.3600317273871402,"terminal: вход от 1, выход к 0; отдаёт 0.0%; оборот 50220 KZT; нет выхода в выборке"
100000008356606100,terminal,0.65,12,0.3810713688936131,"terminal: вход от 2, выход к 0; отдаёт 0.0%; оборот 168500 KZT; нет выхода в выборке"
100000008376089100,terminal,0.65,34,0.36559967243870184,"terminal: вход от 1, выход к 0; отдаёт 0.0%; оборот 135000 KZT; нет выхода в выборке"
100000008376785100,terminal,0.25,10,0.30707351829529805,"terminal: вход от 1, выход к 0; отдаёт 0.0%; оборот 234250 KZT; возможен артефакт обрыва графа на 4 колене"
100000008379273100,peripheral,0.4,17,0.34195163070493484,"peripheral: вход от 2, выход к 4; отдаёт 105.6%; оборот 74000 KZT"
100000008383405100,terminal,0.65,20,0.32956229621425503,"terminal: вход от 1, выход к 0; отдаёт 0.0%; оборот 25000 KZT; нет выхода в выборке"
100000008388049100,terminal,0.65,23,0.36484562691321687,"terminal: вход от 1, выход к 0; отдаёт 0.0%; оборот 496400 KZT; нет выхода в выборке"
100000008389800100,distributor,0.7304491808176884,5,0.49173709423834516,"distributor: вход от 3, выход к 7; отдаёт 212.5%; оборот 590620 KZT; рядом с входом ≤24ч: 53.6%"
100000008405209100,terminal,0.65,27,0.3160003525545098,"terminal: вход от 1, выход к 0; отдаёт 0.0%; оборот 54400 KZT; нет выхода в выборке"
100000008406609100,terminal,0.65,54,0.3174191752643029,"terminal: вход от 1, выход к 0; отдаёт 0.0%; оборот 34000 KZT; нет выхода в выборке"
100000008413748100,distributor,0.6999213886513624,27,0.5500377457687606,"distributor: вход от 2, выход к 18; отдаёт 5201.4%; оборот 1403800 KZT; рядом с входом ≤24ч: 33.3%"
100000008416433100,terminal,0.65,43,0.3012795651375922,"terminal: вход от 1, выход к 0; отдаёт 0.0%; оборот 20000 KZT; нет выхода в выборке"
100000008417029100,terminal,0.65,47,0.3412740733182461,"terminal: вход от 1, выход к 0; отдаёт 0.0%; оборот 100000 KZT; нет выхода в выборке"
100000008417359100,peripheral,0.4,27,0.3069086513705819,"peripheral: вход от 1, выход к 2; отдаёт 271.4%; оборот 151570 KZT"
100000008418835100,peripheral,0.4,3,0.4374009637186212,"peripheral: вход от 1, выход к 4; отдаёт 13.6%; оборот 1558179 KZT; вход seed неполон"
100000008418934100,terminal,0.65,4,0.3521352269328314,"terminal: вход от 1, выход к 0; отдаёт 0.0%; оборот 360000 KZT; нет выхода в выборке"
100000008422226100,terminal,0.65,0,0.33930117717478375,"terminal: вход от 1, выход к 0; отдаёт 0.0%; оборот 87450 KZT; нет выхода в выборке"
100000008427027100,terminal,0.65,2,0.3574367112898671,"terminal: вход от 1, выход к 0; отдаёт 0.0%; оборот 300000 KZT; нет выхода в выборке"
100000008430691100,peripheral,0.4,62,0.3277487124306829,"peripheral: вход от 1, выход к 2; отдаёт 3024.5%; оборот 624900 KZT"
100000008432942100,terminal,0.65,0,0.32937614389007525,"terminal: вход от 1, выход к 0; отдаёт 0.0%; оборот 44542 KZT; нет выхода в выборке"
100000008436257100,terminal,0.65,27,0.34961723909398135,"terminal: вход от 2, выход к 0; отдаёт 0.0%; оборот 35000 KZT; нет выхода в выборке"
100000008438656100,peripheral,0.4,2,0.41560654506442396,"peripheral: вход от 2, выход к 1; отдаёт 6.2%; оборот 85000 KZT"
100000008443341100,peripheral,0.4,7,0.3445228141316552,"peripheral: вход от 2, выход к 3; отдаёт 144.9%; оборот 84500 KZT"
100000008454065100,terminal,0.65,43,0.30399236608315416,"terminal: вход от 1, выход к 0; отдаёт 0.0%; оборот 24050 KZT; нет выхода в выборке"
100000008459449100,terminal,0.65,0,0.3321269355962191,"terminal: вход от 1, выход к 0; отдаёт 0.0%; оборот 53700 KZT; нет выхода в выборке"
100000008460102100,distributor,0.6749438697358205,51,0.5299212891045963,"distributor: вход от 1, выход к 31; отдаёт 2723.3%; оборот 494070 KZT; рядом с входом ≤24ч: 16.6%"
100000008461217100,terminal,0.25,52,0.24142884570213025,"terminal: вход от 1, выход к 0; отдаёт 0.0%; оборот 18000 KZT; возможен артефакт обрыва графа на 4 колене"
100000008461532100,distributor,0.7993104988360098,14,0.5427536901686756,"distributor: вход от 2, выход к 8; отдаёт 447.6%; оборот 3095390 KZT; рядом с входом ≤24ч: 99.5%"
100000008463968100,terminal,0.65,33,0.2910827496067512,"terminal: вход от 1, выход к 0; отдаёт 0.0%; оборот 10000 KZT; нет выхода в выборке"
100000008465789100,distributor,0.694448630321296,47,0.5487581407119713,"distributor: вход от 1, выход к 16; отдаёт 6173.3%; оборот 1888199 KZT; рядом с входом ≤24ч: 29.6%"
100000008466579100,distributor,0.6596999482669426,47,0.5464370677645138,"distributor: вход от 2, выход к 17; отдаёт 5231.1%; оборот 1969952 KZT; рядом с входом ≤24ч: 6.5%"
100000008468762100,terminal,0.65,38,0.3891855385627473,"terminal: вход от 2, выход к 0; отдаёт 0.0%; оборот 170000 KZT; нет выхода в выборке"
100000008469048100,terminal,0.25,0,0.30889919615139705,"terminal: вход от 1, выход к 0; отдаёт 0.0%; оборот 265200 KZT; возможен артефакт обрыва графа на 4 колене"
100000008470470100,terminal,0.65,36,0.333888515067673,"terminal: вход от 1, выход к 0; отдаёт 0.0%; оборот 33547 KZT; нет выхода в выборке"
100000008471634100,terminal,0.25,13,0.24297882328208775,"terminal: вход от 1, выход к 0; отдаёт 0.0%; оборот 20000 KZT; возможен артефакт обрыва графа на 4 колене"
100000008472324100,terminal,0.65,10,0.3634263499989828,"terminal: вход от 1, выход к 0; отдаёт 0.0%; оборот 205200 KZT; нет выхода в выборке"
100000008473207100,terminal,0.65,2,0.4041626831406146,"terminal: вход от 1, выход к 0; отдаёт 0.0%; оборот 202000 KZT; нет выхода в выборке"
100000008473765100,terminal,0.65,8,0.3072445049257182,"terminal: вход от 1, выход к 0; отдаёт 0.0%; оборот 30000 KZT; нет выхода в выборке"
100000008474308100,peripheral,0.4,7,0.2823083476134158,"peripheral: вход от 1, выход к 1; отдаёт 71.4%; оборот 24000 KZT"
100000008474391100,terminal,0.65,28,0.3175966814422533,"terminal: вход от 1, выход к 0; отдаёт 0.0%; оборот 20000 KZT; нет выхода в выборке"
100000008477350100,distributor,0.7293557729403183,0,0.6277953145212759,"distributor: вход от 11, выход к 39; отдаёт 553.2%; оборот 3984966 KZT; рядом с входом ≤24ч: 52.9%"
100000008478414100,terminal,0.65,29,0.2994160829400845,"terminal: вход от 1, выход к 0; отдаёт 0.0%; оборот 10000 KZT; нет выхода в выборке"
100000008486520100,peripheral,0.4,5,0.3364194107033625,"peripheral: вход от 1, выход к 1; отдаёт 39.2%; оборот 49720 KZT"
100000008488166100,terminal,0.65,33,0.28255364098460933,"terminal: вход от 1, выход к 0; отдаёт 0.0%; оборот 5600 KZT; нет выхода в выборке"
100000008489604100,terminal,0.65,33,0.29248481508068397,"terminal: вход от 1, выход к 0; отдаёт 0.0%; оборот 11000 KZT; нет выхода в выборке"
100000008489922100,distributor,0.6851737512863136,47,0.6003710526205221,"distributor: вход от 3, выход к 36; отдаёт 1446.5%; оборот 4051910 KZT; рядом с входом ≤24ч: 23.4%"
100000008490127100,distributor,0.65,10,0.4947859911245285,"distributor: вход от 1, выход к 6; отдаёт 213.8%; оборот 1354755 KZT; рядом с входом ≤24ч: 0.0%"
100000008491390100,terminal,0.65,0,0.3262438462873618,"terminal: вход от 1, выход к 0; отдаёт 0.0%; оборот 36000 KZT; нет выхода в выборке"
100000008493007100,transit,0.8,96,0.366205667872406,"transit: вход от 1, выход к 1; отдаёт 100.0%; оборот 52300 KZT; рядом с входом ≤24ч: 100.0%"
100000008497298100,terminal,0.65,4,0.359650454872167,"terminal: вход от 1, выход к 0; отдаёт 0.0%; оборот 600000 KZT; нет выхода в выборке"
100000008501413100,peripheral,0.4,59,0.2683307217415213,"peripheral: вход от 1, выход к 1; отдаёт 102.0%; оборот 10100 KZT"
100000008502995100,terminal,0.65,0,0.304562296214255,"terminal: вход от 1, выход к 0; отдаёт 0.0%; оборот 25000 KZT; нет выхода в выборке"
100000008503177100,terminal,0.65,8,0.30906462473712293,"terminal: вход от 1, выход к 0; отдаёт 0.0%; оборот 33951 KZT; нет выхода в выборке"
100000008507703100,terminal,0.65,33,0.30648990602654386,"terminal: вход от 1, выход к 0; отдаёт 0.0%; оборот 28500 KZT; нет выхода в выборке"
100000008512552100,distributor,0.7914207060720662,27,0.5327244108614344,"distributor: вход от 4, выход к 6; отдаёт 330.2%; оборот 1696635 KZT; рядом с входом ≤24ч: 94.3%"
100000008512827100,distributor,0.705001285677552,23,0.5630721452617268,"distributor: вход от 3, выход к 10; отдаёт 1801.3%; оборот 2052449 KZT; рядом с входом ≤24ч: 36.7%"
100000008513251100,peripheral,0.4,101,0.10600000000000001,"peripheral: вход от 0, выход к 0; отдаёт н/д (вход=0); оборот 0 KZT; вход seed неполон"
100000008514970100,peripheral,0.4,8,0.3361997736208373,"peripheral: вход от 1, выход к 1; отдаёт 8.2%; оборот 410966 KZT"
100000008516839100,terminal,0.55,54,0.4330071613633131,"terminal: вход от 3, выход к 0; отдаёт 0.0%; оборот 155000 KZT; вход seed неполон"
100000008517061100,terminal,0.25,43,0.30953439970946306,"terminal: вход от 1, выход к 0; отдаёт 0.0%; оборот 1844000 KZT; возможен артефакт обрыва графа на 4 колене"
100000008517538100,distributor,0.7099374565670604,47,0.5450807892573921,"distributor: вход от 3, выход к 17; отдаёт 925.4%; оборот 1594500 KZT; рядом с входом ≤24ч: 40.0%"
100000008522127100,peripheral,0.4,68,0.3171033017638517,"peripheral: вход от 0, выход к 1; отдаёт н/д (вход=0); оборот 145000 KZT; вход seed неполон"
100000008524903100,terminal,0.25,0,0.25506381867540795,"terminal: вход от 1, выход к 0; отдаёт 0.0%; оборот 15000 KZT; возможен артефакт обрыва графа на 4 колене"
100000008525136100,terminal,0.25,0,0.2657307512961832,"terminal: вход от 1, выход к 0; отдаёт 0.0%; оборот 14100 KZT; возможен артефакт обрыва графа на 4 колене"
100000008531133100,peripheral,0.4,5,0.3297089215055594,"peripheral: вход от 1, выход к 3; отдаёт 633.1%; оборот 183272 KZT"
100000008531186100,terminal,0.65,2,0.36446743367798984,"terminal: вход от 1, выход к 0; отдаёт 0.0%; оборот 125000 KZT; нет выхода в выборке"
100000008532050100,terminal,0.65,10,0.3751466657531951,"terminal: вход от 1, выход к 0; отдаёт 0.0%; оборот 455156 KZT; нет выхода в выборке"
100000008536546100,terminal,0.65,38,0.39485936045831926,"terminal: вход от 2, выход к 0; отдаёт 0.0%; оборот 250000 KZT; нет выхода в выборке"
100000008537380100,terminal,0.65,33,0.28780023917468117,"terminal: вход от 1, выход к 0; отдаёт 0.0%; оборот 8000 KZT; нет выхода в выборке"
100000008545727100,distributor,0.7456335387088133,17,0.510836120898872,"distributor: вход от 1, выход к 6; отдаёт 6221.7%; оборот 1896500 KZT; рядом с входом ≤24ч: 63.8%"
100000008546855100,consolidator,0.8,48,0.5685295223917621,"consolidator: вход от 6, выход к 2; отдаёт 13.9%; оборот 81790 KZT"
100000008547295100,terminal,0.65,44,0.29704744422625134,"terminal: вход от 1, выход к 0; отдаёт 0.0%; оборот 15000 KZT; нет выхода в выборке"
100000008547844100,distributor,0.7017677268473836,47,0.5733921951694958,"distributor: вход от 3, выход к 19; отдаёт 1149.9%; оборот 2219799 KZT; рядом с входом ≤24ч: 34.5%"
100000008547948100,distributor,0.6789696467139772,47,0.6019313344761676,"distributor: вход от 6, выход к 26; отдаёт 2438.4%; оборот 5398265 KZT; рядом с входом ≤24ч: 19.3%"
100000008548853100,terminal,0.65,33,0.29603249416367944,"terminal: вход от 1, выход к 0; отдаёт 0.0%; оборот 14000 KZT; нет выхода в выборке"
100000008551752100,terminal,0.25,77,0.30358736334451475,"terminal: вход от 1, выход к 0; отдаёт 0.0%; оборот 406000 KZT; возможен артефакт обрыва графа на 4 колене"
100000008554390100,terminal,0.25,51,0.237731752308175,"terminal: вход от 1, выход к 0; отдаёт 0.0%; оборот 14000 KZT; возможен артефакт обрыва графа на 4 колене"
100000008555233100,terminal,0.65,38,0.34677419273129056,"terminal: вход от 1, выход к 0; отдаёт 0.0%; оборот 440600 KZT; нет выхода в выборке"
100000008555918100,peripheral,0.4,2,0.3937697850474298,"peripheral: вход от 1, выход к 2; отдаёт 31.1%; оборот 182511 KZT"
100000008556318100,terminal,0.65,2,0.44293152516440454,"terminal: вход от 2, выход к 0; отдаёт 0.0%; оборот 180132 KZT; нет выхода в выборке"
100000008557672100,terminal,0.65,29,0.32283315299475374,"terminal: вход от 1, выход к 0; отдаёт 0.0%; оборот 49125 KZT; нет выхода в выборке"
100000008560263100,terminal,0.25,10,0.29455050972319363,"terminal: вход от 1, выход к 0; отдаёт 0.0%; оборот 100000 KZT; возможен артефакт обрыва графа на 4 колене"
100000008560717100,consolidator,0.8,10,0.6276144661104309,"consolidator: вход от 7, выход к 1; отдаёт 4.7%; оборот 554000 KZT"
100000008561016100,transit,0.8,47,0.39478930135463935,"transit: вход от 1, выход к 1; отдаёт 102.8%; оборот 365000 KZT; рядом с входом ≤24ч: 100.0%"
100000008566737100,terminal,0.65,0,0.43918979435134264,"terminal: вход от 2, выход к 0; отдаёт 0.0%; оборот 230000 KZT; нет выхода в выборке"
100000008568512100,terminal,0.65,10,0.3630222238421459,"terminal: вход от 1, выход к 0; отдаёт 0.0%; оборот 199640 KZT; нет выхода в выборке"
100000008571243100,terminal,0.65,17,0.32926266227444634,"terminal: вход от 1, выход к 0; отдаёт 0.0%; оборот 134000 KZT; нет выхода в выборке"
100000008571433100,peripheral,0.4,67,0.40196039196598965,"peripheral: вход от 2, выход к 2; отдаёт 409.7%; оборот 1784000 KZT; вход seed неполон"
100000008571443100,terminal,0.65,12,0.39495195081389317,"terminal: вход от 2, выход к 0; отдаёт 0.0%; оборот 65000 KZT; нет выхода в выборке"
100000008575624100,peripheral,0.4,83,0.34626403399592676,"peripheral: вход от 0, выход к 3; отдаёт н/д (вход=0); оборот 89500 KZT; вход seed неполон"
100000008576243100,terminal,0.65,0,0.39020076836978285,"terminal: вход от 2, выход к 0; отдаёт 0.0%; оборот 82920 KZT; нет выхода в выборке"
100000008576528100,terminal,0.65,10,0.33412381440341943,"terminal: вход от 1, выход к 0; отдаёт 0.0%; оборот 28000 KZT; нет выхода в выборке"
100000008579978100,peripheral,0.4,10,0.3151710585525511,"peripheral: вход от 1, выход к 1; отдаёт 226.5%; оборот 111000 KZT"
100000008582730100,transit,0.8,48,0.34186723116839574,"transit: вход от 1, выход к 1; отдаёт 100.0%; оборот 10000 KZT; рядом с входом ≤24ч: 100.0%"
100000008583360100,peripheral,0.4,17,0.30103768503663375,"peripheral: вход от 1, выход к 1; отдаёт 150.7%; оборот 282843 KZT"
100000008583971100,terminal,0.25,0,0.29427748054312647,"terminal: вход от 2, выход к 0; отдаёт 0.0%; оборот 51000 KZT; возможен артефакт обрыва графа на 4 колене"
100000008586731100,terminal,0.65,7,0.31876481121752914,"terminal: вход от 1, выход к 0; отдаёт 0.0%; оборот 12000 KZT; нет выхода в выборке"
100000008587459100,peripheral,0.4,0,0.36890645239617775,"peripheral: вход от 2, выход к 2; отдаёт 378.2%; оборот 868007 KZT"
100000008588665100,terminal,0.25,0,0.2625786706634116,"terminal: вход от 1, выход к 0; отдаёт 0.0%; оборот 25000 KZT; возможен артефакт обрыва графа на 4 колене"
100000008595687100,peripheral,0.4,5,0.3248700385852519,"peripheral: вход от 1, выход к 1; отдаёт 16.2%; оборот 74795 KZT"
100000008596924100,terminal,0.65,44,0.32495695701358507,"terminal: вход от 1, выход к 0; отдаёт 0.0%; оборот 100000 KZT; нет выхода в выборке"
100000008598972100,terminal,0.65,8,0.3276392392814587,"terminal: вход от 1, выход к 0; отдаёт 0.0%; оборот 120000 KZT; нет выхода в выборке"
100000008599354100,peripheral,0.4,0,0.338663306092044,"peripheral: вход от 1, выход к 1; отдаёт 21.6%; оборот 215200 KZT"
100000008601794100,peripheral,0.4,42,0.3863577423221315,"peripheral: вход от 2, выход к 1; отдаёт 176.3%; оборот 1365800 KZT; вход seed неполон"
100000008603331100,distributor,0.7166012828705239,47,0.4832783645520434,"distributor: вход от 2, выход к 6; отдаёт 1877.9%; оборот 781274 KZT; рядом с входом ≤24ч: 44.4%"
100000008603629100,distributor,0.7969719358961092,8,0.6789873769995042,"distributor: вход от 19, выход к 61; отдаёт 274.4%; оборот 6803456 KZT; рядом с входом ≤24ч: 98.0%"
100000008612257100,terminal,0.65,27,0.2903282023214132,"terminal: вход от 1, выход к 0; отдаёт 0.0%; оборот 9500 KZT; нет выхода в выборке"
100000008619159100,terminal,0.25,82,0.2886658530644561,"terminal: вход от 1, выход к 0; отдаёт 0.0%; оборот 446400 KZT; возможен артефакт обрыва графа на 4 колене"
100000008619857100,peripheral,0.4,0,0.3221661195059847,"peripheral: вход от 1, выход к 2; отдаёт 44.8%; оборот 42000 KZT"
100000008620570100,peripheral,0.4,8,0.39768871030980324,"peripheral: вход от 2, выход к 2; отдаёт 21.9%; оборот 176800 KZT"
100000008624978100,terminal,0.65,38,0.37143237237879184,"terminal: вход от 1, выход к 0; отдаёт 0.0%; оборот 109000 KZT; нет выхода в выборке"
100000008625905100,peripheral,0.4,50,0.36884825975742963,"peripheral: вход от 1, выход к 2; отдаёт 321.0%; оборот 832800 KZT"
100000008628231100,peripheral,0.4,87,0.3908199842953682,"peripheral: вход от 1, выход к 2; отдаёт 1255.7%; оборот 677870 KZT"
100000008628818100,terminal,0.25,17,0.27164805756708094,"terminal: вход от 1, выход к 0; отдаёт 0.0%; оборот 46310 KZT; возможен артефакт обрыва графа на 4 колене"
100000008629504100,terminal,0.25,0,0.24297882328208775,"terminal: вход от 1, выход к 0; отдаёт 0.0%; оборот 20000 KZT; возможен артефакт обрыва графа на 4 колене"
100000008629581100,terminal,0.65,2,0.34059227187062396,"terminal: вход от 1, выход к 0; отдаёт 0.0%; оборот 54184 KZT; нет выхода в выборке"
100000008631800100,terminal,0.25,51,0.2364708328058977,"terminal: вход от 1, выход к 0; отдаёт 0.0%; оборот 12850 KZT; возможен артефакт обрыва графа на 4 колене"
100000008632060100,distributor,0.65,0,0.4634353619014742,"distributor: вход от 1, выход к 9; отдаёт 5653.3%; оборот 345200 KZT; рядом с входом ≤24ч: 0.0%"
100000008633099100,peripheral,0.4,1,0.2793188012668151,"peripheral: вход от 1, выход к 1; отдаёт 69.3%; оборот 32968 KZT"
100000008634520100,terminal,0.65,47,0.3513012086164088,"terminal: вход от 1, выход к 0; отдаёт 0.0%; оборот 90000 KZT; нет выхода в выборке"
100000008636603100,distributor,0.6974117647058824,7,0.4762855438898432,"distributor: вход от 2, выход к 6; отдаёт 449.5%; оборот 194835 KZT; рядом с входом ≤24ч: 31.6%"
100000008637537100,peripheral,0.4,55,0.49183568358619856,"peripheral: вход от 3, выход к 3; отдаёт 379.3%; оборот 2971385 KZT; вход seed неполон"
100000008638859100,terminal,0.25,48,0.2876593517481518,"terminal: вход от 1, выход к 0; отдаёт 0.0%; оборот 34000 KZT; возможен артефакт обрыва графа на 4 колене"
100000008647905100,peripheral,0.4,48,0.3293045932257127,"peripheral: вход от 1, выход к 2; отдаёт 688.4%; оборот 394222 KZT"
100000008648783100,terminal,0.25,51,0.22316282792647796,"terminal: вход от 1, выход к 0; отдаёт 0.0%; оборот 5200 KZT; возможен артефакт обрыва графа на 4 колене"
100000008649416100,terminal,0.25,27,0.22258592765274438,"terminal: вход от 1, выход к 0; отдаёт 0.0%; оборот 5000 KZT; возможен артефакт обрыва графа на 4 колене"
100000008650785100,peripheral,0.4,5,0.4354004596384653,"peripheral: вход от 2, выход к 2; отдаёт 130.6%; оборот 212120 KZT; вход seed неполон"
100000008652094100,terminal,0.65,0,0.32582940925054893,"terminal: вход от 1, выход к 0; отдаёт 0.0%; оборот 35000 KZT; нет выхода в выборке"
100000008653041100,terminal,0.65,33,0.30622951983830643,"terminal: вход от 1, выход к 0; отдаёт 0.0%; оборот 28000 KZT; нет выхода в выборке"
100000008654653100,peripheral,0.4,5,0.30257174232060097,"peripheral: вход от 0, выход к 1; отдаёт н/д (вход=0); оборот 54000 KZT; вход seed неполон"
100000008655035100,terminal,0.65,1,0.3318949545637126,"terminal: вход от 1, выход к 0; отдаёт 0.0%; оборот 30000 KZT; нет выхода в выборке"
100000008655779100,peripheral,0.4,15,0.31121976712162375,"peripheral: вход от 1, выход к 2; отдаёт 52.6%; оборот 71704 KZT"
100000008656043100,terminal,0.65,29,0.3135853518653214,"terminal: вход от 1, выход к 0; отдаёт 0.0%; оборот 26200 KZT; нет выхода в выборке"
100000008659445100,peripheral,0.4,102,0.41822986707259113,"peripheral: вход от 3, выход к 4; отдаёт 631.9%; оборот 1013640 KZT; вход seed неполон"
100000008659950100,terminal,0.65,47,0.36609429876443544,"terminal: вход от 1, выход к 0; отдаёт 0.0%; оборот 246000 KZT; нет выхода в выборке"
100000008661550100,terminal,0.65,33,0.30320715688409233,"terminal: вход от 1, выход к 0; отдаёт 0.0%; оборот 22800 KZT; нет выхода в выборке"
100000008661585100,terminal,0.65,36,0.3375888626754285,"terminal: вход от 1, выход к 0; отдаёт 0.0%; оборот 43141 KZT; нет выхода в выборке"
100000008662216100,terminal,0.65,33,0.305252018531988,"terminal: вход от 1, выход к 0; отдаёт 0.0%; оборот 26200 KZT; нет выхода в выборке"
100000008662805100,terminal,0.65,33,0.29844955427477843,"terminal: вход от 1, выход к 0; отдаёт 0.0%; оборот 16500 KZT; нет выхода в выборке"
100000008663007100,terminal,0.65,36,0.32103249416367946,"terminal: вход от 1, выход к 0; отдаёт 0.0%; оборот 14000 KZT; нет выхода в выборке"
100000008663723100,terminal,0.65,33,0.2976244199261872,"terminal: вход от 1, выход к 0; отдаёт 0.0%; оборот 15600 KZT; нет выхода в выборке"
100000008664469100,terminal,0.65,2,0.36643654788694174,"terminal: вход от 1, выход к 0; отдаёт 0.0%; оборот 25000 KZT; нет выхода в выборке"
100000008664774100,terminal,0.65,33,0.298270148888812,"terminal: вход от 1, выход к 0; отдаёт 0.0%; оборот 16300 KZT; нет выхода в выборке"
100000008665380100,peripheral,0.4,0,0.37782057109889905,"peripheral: вход от 2, выход к 1; отдаёт 26.3%; оборот 87300 KZT"
100000008666075100,terminal,0.65,36,0.3302615609981525,"terminal: вход от 1, выход к 0; отдаёт 0.0%; оборот 26217 KZT; нет выхода в выборке"
100000008667058100,terminal,0.65,36,0.3243437160647749,"terminal: вход от 1, выход к 0; отдаёт 0.0%; оборот 17534 KZT; нет выхода в выборке"
100000008667795100,terminal,0.65,33,0.30908584193096955,"terminal: вход от 1, выход к 0; отдаёт 0.0%; оборот 34000 KZT; нет выхода в выборке"
100000008667799100,terminal,0.65,33,0.30908584193096955,"terminal: вход от 1, выход к 0; отдаёт 0.0%; оборот 34000 KZT; нет выхода в выборке"
100000008668099100,terminal,0.65,33,0.29771842035052654,"terminal: вход от 1, выход к 0; отдаёт 0.0%; оборот 15700 KZT; нет выхода в выборке"
100000008669037100,peripheral,0.4,103,0.10600000000000001,"peripheral: вход от 0, выход к 0; отдаёт н/д (вход=0); оборот 0 KZT; вход seed неполон"
100000008669310100,terminal,0.65,0,0.3336523726534343,"terminal: вход от 1, выход к 0; отдаёт 0.0%; оборот 59567 KZT; нет выхода в выборке"
100000008670667100,terminal,0.65,36,0.3225620490002967,"terminal: вход от 1, выход к 0; отдаёт 0.0%; оборот 15534 KZT; нет выхода в выборке"
100000008671026100,terminal,0.65,36,0.3286732946318653,"terminal: вход от 1, выход к 0; отдаёт 0.0%; оборот 23534 KZT; нет выхода в выборке"
100000008671081100,terminal,0.65,33,0.31040911924282494,"terminal: вход от 1, выход к 0; отдаёт 0.0%; оборот 37200 KZT; нет выхода в выборке"
100000008671129100,terminal,0.65,33,0.305252018531988,"terminal: вход от 1, выход к 0; отдаёт 0.0%; оборот 26200 KZT; нет выхода в выборке"
100000008671929100,terminal,0.65,2,0.3825988916292431,"terminal: вход от 1, выход к 0; отдаёт 0.0%; оборот 75000 KZT; нет выхода в выборке"
100000008672162100,terminal,0.65,36,0.3225771935234,"terminal: вход от 1, выход к 0; отдаёт 0.0%; оборот 15550 KZT; нет выхода в выборке"
100000008672200100,terminal,0.65,36,0.3137110622592284,"terminal: вход от 1, выход к 0; отдаёт 0.0%; оборот 8511 KZT; нет выхода в выборке"
100000008672480100,terminal,0.65,29,0.30327563507347066,"terminal: вход от 1, выход к 0; отдаёт 0.0%; оборот 13000 KZT; нет выхода в выборке"
100000008672493100,terminal,0.65,33,0.29603249416367944,"terminal: вход от 1, выход к 0; отдаёт 0.0%; оборот 14000 KZT; нет выхода в выборке"
100000008672603100,terminal,0.65,2,0.32678722277363326,"terminal: вход от 1, выход к 0; отдаёт 0.0%; оборот 21200 KZT; нет выхода в выборке"
100000008672762100,terminal,0.65,29,0.30327563507347066,"terminal: вход от 1, выход к 0; отдаёт 0.0%; оборот 13000 KZT; нет выхода в выборке"
100000008673001100,terminal,0.55,54,0.3591233737479514,"terminal: вход от 1, выход к 0; отдаёт 0.0%; оборот 80000 KZT; вход seed неполон"
100000008675322100,terminal,0.25,19,0.31255453662282584,"terminal: вход от 1, выход к 0; отдаёт 0.0%; оборот 340000 KZT; возможен артефакт обрыва графа на 4 колене"
100000008676812100,terminal,0.65,48,0.3372616795419865,"terminal: вход от 1, выход к 0; отдаёт 0.0%; оборот 230800 KZT; нет выхода в выборке"
100000008677215100,terminal,0.65,28,0.3058499700516062,"terminal: вход от 1, выход к 0; отдаёт 0.0%; оборот 9000 KZT; нет выхода в выборке"
100000008677368100,terminal,0.25,1,0.2371967520317983,"terminal: вход от 1, выход к 0; отдаёт 0.0%; оборот 13500 KZT; возможен артефакт обрыва графа на 4 колене"
100000008677518100,terminal,0.65,33,0.31437198949609907,"terminal: вход от 1, выход к 0; отдаёт 0.0%; оборот 48700 KZT; нет выхода в выборке"
100000008679986100,terminal,0.65,36,0.3255249791425391,"terminal: вход от 1, выход к 0; отдаёт 0.0%; оборот 19000 KZT; нет выхода в выборке"
100000008680061100,terminal,0.25,10,0.25364652816848776,"terminal: вход от 1, выход к 0; отдаёт 0.0%; оборот 41300 KZT; возможен артефакт обрыва графа на 4 колене"
100000008680451100,terminal,0.65,36,0.3286732946318653,"terminal: вход от 1, выход к 0; отдаёт 0.0%; оборот 23534 KZT; нет выхода в выборке"
100000008680731100,distributor,0.55,7,0.5656749892296177,"distributor: вход от 0, выход к 27; отдаёт н/д (вход=0); оборот 1464354 KZT; рядом с входом ≤24ч: 0.0%; вход seed неполон"
100000008680912100,peripheral,0.4,0,0.3038762231286856,"peripheral: вход от 1, выход к 1; отдаёт 13.3%; оборот 51103 KZT"
100000008682426100,terminal,0.65,43,0.3012795651375922,"terminal: вход от 1, выход к 0; отдаёт 0.0%; оборот 20000 KZT; нет выхода в выборке"
100000008683818100,terminal,0.65,29,0.3075641909243112,"terminal: вход от 1, выход к 0; отдаёт 0.0%; оборот 17400 KZT; нет выхода в выборке"
100000008684452100,terminal,0.65,33,0.3152798627099397,"terminal: вход от 1, выход к 0; отдаёт 0.0%; оборот 51800 KZT; нет выхода в выборке"
100000008684767100,terminal,0.65,33,0.30777427156644926,"terminal: вход от 1, выход к 0; отдаёт 0.0%; оборот 31100 KZT; нет выхода в выборке"
100000008684951100,terminal,0.65,33,0.2990607851072919,"terminal: вход от 1, выход к 0; отдаёт 0.0%; оборот 17200 KZT; нет выхода в выборке"
100000008686214100,terminal,0.65,8,0.32087941251891605,"terminal: вход от 1, выход к 0; отдаёт 0.0%; оборот 25000 KZT; нет выхода в выборке"
100000008686234100,terminal,0.65,0,0.33639487169640075,"terminal: вход от 1, выход к 0; отдаёт 0.0%; оборот 39778 KZT; нет выхода в выборке"
100000008686247100,peripheral,0.4,20,0.29143864582650963,"peripheral: вход от 1, выход к 1; отдаёт 22.7%; оборот 27000 KZT"
100000008686313100,consolidator,0.8,0,0.6538552570492902,"consolidator: вход от 6, выход к 7; отдаёт 17.5%; оборот 2246516 KZT"
100000008686494100,terminal,0.65,33,0.29771842035052654,"terminal: вход от 1, выход к 0; отдаёт 0.0%; оборот 15700 KZT; нет выхода в выборке"
100000008687492100,terminal,0.65,29,0.3053807775595847,"terminal: вход от 1, выход к 0; отдаёт 0.0%; оборот 15000 KZT; нет выхода в выборке"
100000008687617100,terminal,0.65,33,0.31265996218323494,"terminal: вход от 1, выход к 0; отдаёт 0.0%; оборот 43350 KZT; нет выхода в выборке"
100000008687671100,terminal,0.65,36,0.33552728503855783,"terminal: вход от 1, выход к 0; отдаёт 0.0%; оборот 37500 KZT; нет выхода в выборке"
100000008687733100,terminal,0.65,33,0.2967001203436652,"terminal: вход от 1, выход к 0; отдаёт 0.0%; оборот 14650 KZT; нет выхода в выборке"
100000008687990100,terminal,0.65,33,0.2993989864576474,"terminal: вход от 1, выход к 0; отдаёт 0.0%; оборот 17600 KZT; нет выхода в выборке"
100000008688109100,terminal,0.65,33,0.2947142225056465,"terminal: вход от 1, выход к 0; отдаёт 0.0%; оборот 12800 KZT; нет выхода в выборке"
100000008688155100,terminal,0.65,33,0.30371449412925666,"terminal: вход от 1, выход к 0; отдаёт 0.0%; оборот 23600 KZT; нет выхода в выборке"
100000008688476100,terminal,0.65,29,0.31229508266448425,"terminal: вход от 1, выход к 0; отдаёт 0.0%; оборот 24000 KZT; нет выхода в выборке"
100000008688881100,terminal,0.65,29,0.3212826278303052,"terminal: вход от 1, выход к 0; отдаёт 0.0%; оборот 44211 KZT; нет выхода в выборке"
100000008690762100,terminal,0.65,33,0.3055576488010895,"terminal: вход от 1, выход к 0; отдаёт 0.0%; оборот 26750 KZT; нет выхода в выборке"
100000008690932100,terminal,0.65,36,0.32833564079195826,"terminal: вход от 1, выход к 0; отдаёт 0.0%; оборот 23000 KZT; нет выхода в выборке"
100000008691027100,terminal,0.65,36,0.3243437160647749,"terminal: вход от 1, выход к 0; отдаёт 0.0%; оборот 17534 KZT; нет выхода в выборке"
100000008691168100,terminal,0.65,29,0.31229508266448425,"terminal: вход от 1, выход к 0; отдаёт 0.0%; оборот 24000 KZT; нет выхода в выборке"
100000008691330100,terminal,0.65,36,0.32730238013392926,"terminal: вход от 1, выход к 0; отдаёт 0.0%; оборот 21440 KZT; нет выхода в выборке"
100000008691495100,terminal,0.65,36,0.3306945001037935,"terminal: вход от 1, выход к 0; отдаёт 0.0%; оборот 27000 KZT; нет выхода в выборке"
100000008692291100,peripheral,0.4,47,0.37650070425418547,"peripheral: вход от 3, выход к 3; отдаёт 97.5%; оборот 316000 KZT"
100000008693069100,terminal,0.65,36,0.3262795651375922,"terminal: вход от 1, выход к 0; отдаёт 0.0%; оборот 20000 KZT; нет выхода в выборке"
100000008695133100,terminal,0.65,33,0.3101739206538486,"terminal: вход от 1, выход к 0; отдаёт 0.0%; оборот 36610 KZT; нет выхода в выборке"
100000008695157100,terminal,0.25,8,0.2879619999552887,"terminal: вход от 1, выход к 0; отдаёт 0.0%; оборот 425546 KZT; возможен артефакт обрыва графа на 4 колене"
100000008695495100,terminal,0.65,36,0.3269973288770357,"terminal: вход от 1, выход к 0; отдаёт 0.0%; оборот 21000 KZT; нет выхода в выборке"
100000008695566100,terminal,0.65,33,0.30895545831462967,"terminal: вход от 1, выход к 0; отдаёт 0.0%; оборот 33700 KZT; нет выхода в выборке"
100000008695689100,terminal,0.65,33,0.305252018531988,"terminal: вход от 1, выход к 0; отдаёт 0.0%; оборот 26200 KZT; нет выхода в выборке"
100000008696692100,terminal,0.65,29,0.30885831247587237,"terminal: вход от 1, выход к 0; отдаёт 0.0%; оборот 19000 KZT; нет выхода в выборке"
100000008696919100,terminal,0.65,36,0.33316865504479537,"terminal: вход от 1, выход к 0; отдаёт 0.0%; оборот 31945 KZT; нет выхода в выборке"
100000008697670100,terminal,0.65,33,0.30476682702379576,"terminal: вход от 1, выход к 0; отдаёт 0.0%; оборот 25350 KZT; нет выхода в выборке"
100000008699083100,terminal,0.25,23,0.2794437493124761,"terminal: вход от 1, выход к 0; отдаёт 0.0%; оборот 238500 KZT; возможен артефакт обрыва графа на 4 колене"
100000008701222100,peripheral,0.4,104,0.10600000000000001,"peripheral: вход от 0, выход к 0; отдаёт н/д (вход=0); оборот 0 KZT; вход seed неполон"
100000008701256100,terminal,0.65,0,0.3416567869907692,"terminal: вход от 1, выход к 0; отдаёт 0.0%; оборот 58250 KZT; нет выхода в выборке"
100000008701944100,terminal,0.65,3,0.35668871138772834,"terminal: вход от 1, выход к 0; отдаёт 0.0%; оборот 52124 KZT; нет выхода в выборке"
100000008703533100,terminal,0.25,47,0.26242389810105193,"terminal: вход от 1, выход к 0; отдаёт 0.0%; оборот 75000 KZT; возможен артефакт обрыва графа на 4 колене"
100000008706846100,terminal,0.65,33,0.2962411630949941,"terminal: вход от 1, выход к 0; отдаёт 0.0%; оборот 14200 KZT; нет выхода в выборке"
100000008706947100,terminal,0.65,33,0.2990607851072919,"terminal: вход от 1, выход к 0; отдаёт 0.0%; оборот 17200 KZT; нет выхода в выборке"
100000008707810100,terminal,0.65,33,0.305252018531988,"terminal: вход от 1, выход к 0; отдаёт 0.0%; оборот 26200 KZT; нет выхода в выборке"
100000008708025100,terminal,0.65,15,0.2910827496067512,"terminal: вход от 1, выход к 0; отдаёт 0.0%; оборот 10000 KZT; нет выхода в выборке"
100000008708061100,terminal,0.65,33,0.2889493663606635,"terminal: вход от 1, выход к 0; отдаёт 0.0%; оборот 8650 KZT; нет выхода в выборке"
100000008708207100,terminal,0.65,47,0.41556640571692444,"terminal: вход от 2, выход к 0; отдаёт 0.0%; оборот 465000 KZT; нет выхода в выборке"
100000008708368100,terminal,0.65,36,0.32876241483999613,"terminal: вход от 1, выход к 0; отдаёт 0.0%; оборот 23677 KZT; нет выхода в выборке"
100000008708595100,terminal,0.65,33,0.2990607851072919,"terminal: вход от 1, выход к 0; отдаёт 0.0%; оборот 17200 KZT; нет выхода в выборке"
100000008708743100,terminal,0.65,33,0.29757719352339995,"terminal: вход от 1, выход к 0; отдаёт 0.0%; оборот 15550 KZT; нет выхода в выборке"
100000008710791100,distributor,0.7272179934079639,47,0.6157964060289094,"distributor: вход от 3, выход к 23; отдаёт 3042.0%; оборот 5703021 KZT; рядом с входом ≤24ч: 51.5%"
100000008710843100,distributor,0.6511332158146563,38,0.5454214561960736,"distributor: вход от 2, выход к 13; отдаёт 5849.3%; оборот 2019444 KZT; рядом с входом ≤24ч: 0.8%"
100000008710913100,terminal,0.25,47,0.25404886861283604,"terminal: вход от 1, выход к 0; отдаёт 0.0%; оборот 14000 KZT; возможен артефакт обрыва графа на 4 колене"
100000008712036100,terminal,0.65,33,0.3019973288770357,"terminal: вход от 1, выход к 0; отдаёт 0.0%; оборот 21000 KZT; нет выхода в выборке"
100000008712184100,terminal,0.65,33,0.2997295875576347,"terminal: вход от 1, выход к 0; отдаёт 0.0%; оборот 18000 KZT; нет выхода в выборке"
100000008712827100,terminal,0.65,33,0.3209195005735092,"terminal: вход от 1, выход к 0; отдаёт 0.0%; оборот 76000 KZT; нет выхода в выборке"
100000008712991100,terminal,0.65,33,0.31886626135759205,"terminal: вход от 1, выход к 0; отдаёт 0.0%; оборот 66100 KZT; нет выхода в выборке"
100000008713270100,peripheral,0.4,44,0.3323961632209669,"peripheral: вход от 1, выход к 3; отдаёт 633.3%; оборот 220000 KZT"
100000008713685100,terminal,0.65,33,0.3146710172160613,"terminal: вход от 1, выход к 0; отдаёт 0.0%; оборот 49700 KZT; нет выхода в выборке"
100000008714412100,terminal,0.65,17,0.3326766801675775,"terminal: вход от 1, выход к 0; отдаёт 0.0%; оборот 169000 KZT; нет выхода в выборке"
100000008715513100,terminal,0.25,51,0.2501213101709225,"terminal: вход от 1, выход к 0; отдаёт 0.0%; оборот 32500 KZT; возможен артефакт обрыва графа на 4 колене"
100000008715887100,terminal,0.65,33,0.2997295875576347,"terminal: вход от 1, выход к 0; отдаёт 0.0%; оборот 18000 KZT; нет выхода в выборке"
100000008716072100,terminal,0.65,33,0.293886892711043,"terminal: вход от 1, выход к 0; отдаёт 0.0%; оборот 12100 KZT; нет выхода в выборке"
100000008716222100,terminal,0.65,36,0.3247295875576347,"terminal: вход от 1, выход к 0; отдаёт 0.0%; оборот 18000 KZT; нет выхода в выборке"
100000008716439100,terminal,0.65,36,0.3190885370275866,"terminal: вход от 1, выход к 0; отдаёт 0.0%; оборот 12267 KZT; нет выхода в выборке"
100000008716773100,terminal,0.65,36,0.3226968533753556,"terminal: вход от 1, выход к 0; отдаёт 0.0%; оборот 15677 KZT; нет выхода в выборке"
100000008717340100,terminal,0.65,36,0.33701834069848646,"terminal: вход от 1, выход к 0; отдаёт 0.0%; оборот 41500 KZT; нет выхода в выборке"
100000008717341100,terminal,0.65,36,0.32167700650330533,"terminal: вход от 1, выход к 0; отдаёт 0.0%; оборот 14627 KZT; нет выхода в выборке"
100000008717375100,terminal,0.65,2,0.33165068914066154,"terminal: вход от 1, выход к 0; отдаёт 0.0%; оборот 29506 KZT; нет выхода в выборке"
100000008717802100,terminal,0.65,33,0.305223916528557,"terminal: вход от 1, выход к 0; отдаёт 0.0%; оборот 26150 KZT; нет выхода в выборке"
100000008718089100,terminal,0.65,36,0.3225620490002967,"terminal: вход от 1, выход к 0; отдаёт 0.0%; оборот 15534 KZT; нет выхода в выборке"
100000008718811100,terminal,0.65,33,0.3203873360580656,"terminal: вход от 1, выход к 0; отдаёт 0.0%; оборот 73300 KZT; нет выхода в выборке"
100000008720668100,terminal,0.65,33,0.2979968708370966,"terminal: вход от 1, выход к 0; отдаёт 0.0%; оборот 16000 KZT; нет выхода в выборке"
100000008720798100,terminal,0.65,36,0.3225620490002967,"terminal: вход от 1, выход к 0; отдаёт 0.0%; оборот 15534 KZT; нет выхода в выборке"
100000008720856100,peripheral,0.4,10,0.27919988159851294,"peripheral: вход от 1, выход к 1; отдаёт 254.1%; оборот 64105 KZT"
100000008721637100,peripheral,0.4,44,0.30685721516100994,"peripheral: вход от 1, выход к 2; отдаёт 528.3%; оборот 151041 KZT"
100000008722328100,terminal,0.65,36,0.32876241483999613,"terminal: вход от 1, выход к 0; отдаёт 0.0%; оборот 23677 KZT; нет выхода в выборке"
100000008722417100,peripheral,0.4,10,0.3749772490411106,"peripheral: вход от 1, выход к 3; отдаёт 216.9%; оборот 1051900 KZT"
100000008722541100,terminal,0.25,10,0.30969813108297917,"terminal: вход от 1, выход к 0; отдаёт 0.0%; оборот 280000 KZT; возможен артефакт обрыва графа на 4 колене"
100000008723830100,transit,0.8,5,0.4652053031554861,"transit: вход от 2, выход к 1; отдаёт 99.0%; оборот 914785 KZT; рядом с входом ≤24ч: 100.0%"
100000008724279100,terminal,0.65,5,0.3347722167676129,"terminal: вход от 1, выход к 0; отдаёт 0.0%; оборот 11750 KZT; нет выхода в выборке"
100000008724461100,peripheral,0.4,47,0.2980021764666845,"peripheral: вход от 1, выход к 1; отдаёт 129.9%; оборот 230111 KZT"
100000008727982100,terminal,0.25,44,0.24894376307021376,"terminal: вход от 1, выход к 0; отдаёт 0.0%; оборот 30000 KZT; возможен артефакт обрыва графа на 4 колене"
100000008728457100,terminal,0.65,11,0.3824209373110336,"terminal: вход от 1, выход к 0; отдаёт 0.0%; оборот 45000 KZT; нет выхода в выборке"
100000008729597100,terminal,0.65,8,0.32223165841165324,"terminal: вход от 1, выход к 0; отдаёт 0.0%; оборот 83090 KZT; нет выхода в выборке"
100000008729801100,terminal,0.65,36,0.3243437160647749,"terminal: вход от 1, выход к 0; отдаёт 0.0%; оборот 17534 KZT; нет выхода в выборке"
100000008730021100,terminal,0.65,3,0.36215022246028866,"terminal: вход от 1, выход к 0; отдаёт 0.0%; оборот 75555 KZT; нет выхода в выборке"
100000008730238100,terminal,0.25,47,0.2684542587124017,"terminal: вход от 1, выход к 0; отдаёт 0.0%; оборот 113000 KZT; возможен артефакт обрыва графа на 4 колене"
100000008730371100,terminal,0.65,0,0.40563389439673625,"terminal: вход от 2, выход к 0; отдаёт 0.0%; оборот 520000 KZT; нет выхода в выборке"
100000008730846100,peripheral,0.4,11,0.423125495784449,"peripheral: вход от 7, выход к 3; отдаёт 234.4%; оборот 518412 KZT"
100000008731444100,distributor,0.749054739216416,0,0.5429787737128481,"distributor: вход от 3, выход к 9; отдаёт 200.4%; оборот 1318768 KZT; рядом с входом ≤24ч: 66.0%"
100000008732098100,terminal,0.65,36,0.3226968533753556,"terminal: вход от 1, выход к 0; отдаёт 0.0%; оборот 15677 KZT; нет выхода в выборке"
100000008732488100,peripheral,0.4,8,0.3213523786380019,"peripheral: вход от 1, выход к 1; отдаёт 7.3%; оборот 147000 KZT"
100000008733049100,terminal,0.65,3,0.3273103775051975,"terminal: вход от 1, выход к 0; отдаёт 0.0%; оборот 10000 KZT; нет выхода в выборке"
100000008733194100,distributor,0.7276041829737938,12,0.5589561926353638,"distributor: вход от 4, выход к 8; отдаёт 63.5%; оборот 411119 KZT; рядом с входом ≤24ч: 51.7%"
100000008734279100,terminal,0.25,8,0.2497314269319264,"terminal: вход от 1, выход к 0; отдаёт 0.0%; оборот 31650 KZT; возможен артефакт обрыва графа на 4 колене"
100000008734364100,terminal,0.65,29,0.3135853518653214,"terminal: вход от 1, выход к 0; отдаёт 0.0%; оборот 26200 KZT; нет выхода в выборке"
100000008735384100,terminal,0.65,36,0.3361870385780458,"terminal: вход от 1, выход к 0; отдаёт 0.0%; оборот 39220 KZT; нет выхода в выборке"
100000008735802100,terminal,0.25,0,0.28058238602581187,"terminal: вход от 1, выход к 0; отдаёт 0.0%; оборот 85000 KZT; возможен артефакт обрыва графа на 4 колене"
100000008735832100,terminal,0.65,33,0.2993989864576474,"terminal: вход от 1, выход к 0; отдаёт 0.0%; оборот 17600 KZT; нет выхода в выборке"
100000008736173100,terminal,0.65,36,0.33275533786625494,"terminal: вход от 1, выход к 0; отдаёт 0.0%; оборот 31060 KZT; нет выхода в выборке"
100000008736394100,terminal,0.65,29,0.30633020417042994,"terminal: вход от 1, выход к 0; отдаёт 0.0%; оборот 16000 KZT; нет выхода в выборке"
100000008736760100,terminal,0.65,36,0.3410965825886297,"terminal: вход от 1, выход к 0; отдаёт 0.0%; оборот 54757 KZT; нет выхода в выборке"
100000008736940100,peripheral,0.4,102,0.4207391611337371,"peripheral: вход от 3, выход к 3; отдаёт 40.4%; оборот 633190 KZT"
100000008737422100,terminal,0.65,36,0.34609326926704126,"terminal: вход от 1, выход к 0; отдаёт 0.0%; оборот 76903 KZT; нет выхода в выборке"
100000008737514100,terminal,0.65,3,0.35879363947510157,"terminal: вход от 1, выход к 0; отдаёт 0.0%; оборот 85000 KZT; нет выхода в выборке"
100000008737958100,terminal,0.65,29,0.3808249064681494,"terminal: вход от 2, выход к 0; отдаёт 0.0%; оборот 53373 KZT; нет выхода в выборке"
100000008738325100,peripheral,0.4,54,0.3592810274201553,"peripheral: вход от 1, выход к 1; отдаёт 147.7%; оборот 90550 KZT; вход seed неполон"
100000008738526100,peripheral,0.4,38,0.2921889737916459,"peripheral: вход от 1, выход к 1; отдаёт 933.3%; оборот 155000 KZT"
100000008738658100,terminal,0.65,33,0.3072052219509073,"terminal: вход от 1, выход к 0; отдаёт 0.0%; оборот 29920 KZT; нет выхода в выборке"
100000008739887100,peripheral,0.4,8,0.35306341608966024,"peripheral: вход от 2, выход к 2; отдаёт 143.5%; оборот 521000 KZT"
100000008740295100,terminal,0.25,47,0.2991359694343626,"terminal: вход от 1, выход к 0; отдаёт 0.0%; оборот 300000 KZT; возможен артефакт обрыва графа на 4 колене"
100000008740793100,terminal,0.65,33,0.3019973288770357,"terminal: вход от 1, выход к 0; отдаёт 0.0%; оборот 21000 KZT; нет выхода в выборке"
100000008741372100,terminal,0.65,36,0.3349165100812361,"terminal: вход от 1, выход к 0; отдаёт 0.0%; оборот 35975 KZT; нет выхода в выборке"
100000008742053100,distributor,0.65,23,0.5231583906990809,"distributor: вход от 1, выход к 12; отдаёт 27890.0%; оборот 2799000 KZT; рядом с входом ≤24ч: 0.0%"
100000008742266100,terminal,0.65,29,0.31033066221036903,"terminal: вход от 1, выход к 0; отдаёт 0.0%; оборот 21000 KZT; нет выхода в выборке"
100000008743913100,distributor,0.7171944234302389,38,0.5808794843051734,"distributor: вход от 3, выход к 13; отдаёт 1239.5%; оборот 1999900 KZT; рядом с входом ≤24ч: 44.8%"
100000008744364100,terminal,0.65,33,0.30377669859536993,"terminal: вход от 1, выход к 0; отдаёт 0.0%; оборот 23700 KZT; нет выхода в выборке"
100000008744799100,terminal,0.65,33,0.2944825516077002,"terminal: вход от 1, выход к 0; отдаёт 0.0%; оборот 12600 KZT; нет выхода в выборке"
100000008744849100,terminal,0.65,36,0.3380269548498538,"terminal: вход от 1, выход к 0; отдаёт 0.0%; оборот 44445 KZT; нет выхода в выборке"
100000008745474100,terminal,0.65,36,0.33668091956582136,"terminal: вход от 1, выход к 0; отдаёт 0.0%; оборот 40559 KZT; нет выхода в выборке"
100000008745489100,terminal,0.65,36,0.34130519820540034,"terminal: вход от 1, выход к 0; отдаёт 0.0%; оборот 55539 KZT; нет выхода в выборке"
100000008745643100,terminal,0.65,36,0.3265080128552043,"terminal: вход от 1, выход к 0; отдаёт 0.0%; оборот 20313 KZT; нет выхода в выборке"
100000008745676100,terminal,0.25,21,0.2510198988601397,"terminal: вход от 1, выход к 0; отдаёт 0.0%; оборот 34547 KZT; возможен артефакт обрыва графа на 4 колене"
100000008745725100,terminal,0.65,36,0.3388680324428276,"terminal: вход от 1, выход к 0; отдаёт 0.0%; оборот 47060 KZT; нет выхода в выборке"
100000008745863100,terminal,0.65,33,0.3032715390986211,"terminal: вход от 1, выход к 0; отдаёт 0.0%; оборот 22900 KZT; нет выхода в выборке"
100000008745884100,terminal,0.65,33,0.3012795651375922,"terminal: вход от 1, выход к 0; отдаёт 0.0%; оборот 20000 KZT; нет выхода в выборке"
100000008746025100,terminal,0.65,36,0.32768169747448006,"terminal: вход от 1, выход к 0; отдаёт 0.0%; оборот 22000 KZT; нет выхода в выборке"
100000008746449100,distributor,0.65,47,0.511806269543704,"distributor: вход от 1, выход к 10; отдаёт 10090.0%; оборот 1019000 KZT; рядом с входом ≤24ч: 0.0%"
100000008746673100,terminal,0.65,36,0.3406301037912645,"terminal: вход от 1, выход к 0; отдаёт 0.0%; оборот 53048 KZT; нет выхода в выборке"
100000008747113100,terminal,0.65,10,0.44430813856635976,"terminal: вход от 2, выход к 0; отдаёт 0.0%; оборот 197801 KZT; нет выхода в выборке"
100000008748408100,distributor,0.7603949438651697,44,0.5683566699474587,"distributor: вход от 1, выход к 21; отдаёт 416.7%; оборот 1859960 KZT; рядом с входом ≤24ч: 73.6%"
100000008748795100,terminal,0.65,0,0.3301842108737521,"terminal: вход от 1, выход к 0; отдаёт 0.0%; оборот 47057 KZT; нет выхода в выборке"
100000008748914100,distributor,0.7193572476875886,2,0.556703704998662,"distributor: вход от 2, выход к 13; отдаёт 2484.4%; оборот 4651847 KZT; рядом с входом ≤24ч: 46.2%"
100000008749063100,terminal,0.65,36,0.3255249791425391,"terminal: вход от 1, выход к 0; отдаёт 0.0%; оборот 19000 KZT; нет выхода в выборке"
100000008749405100,terminal,0.65,33,0.31038933233920346,"terminal: вход от 1, выход к 0; отдаёт 0.0%; оборот 37150 KZT; нет выхода в выборке"
100000008749406100,terminal,0.65,36,0.32401281036284485,"terminal: вход от 1, выход к 0; отдаёт 0.0%; оборот 17144 KZT; нет выхода в выборке"
100000008749618100,terminal,0.65,36,0.33893664740258556,"terminal: вход от 1, выход к 0; отдаёт 0.0%; оборот 47280 KZT; нет выхода в выборке"
100000008749900100,terminal,0.65,33,0.29901795800333225,"terminal: вход от 1, выход к 0; отдаёт 0.0%; оборот 17150 KZT; нет выхода в выборке"
100000008749989100,terminal,0.65,29,0.30633020417042994,"terminal: вход от 1, выход к 0; отдаёт 0.0%; оборот 16000 KZT; нет выхода в выборке"
100000008750464100,terminal,0.65,33,0.2886920378023374,"terminal: вход от 1, выход к 0; отдаёт 0.0%; оборот 8500 KZT; нет выхода в выборке"
100000008751349100,terminal,0.65,14,0.29330409111698286,"terminal: вход от 1, выход к 0; отдаёт 0.0%; оборот 11630 KZT; нет выхода в выборке"
100000008751380100,terminal,0.65,47,0.42018818218138415,"terminal: вход от 2, выход к 0; отдаёт 0.0%; оборот 345780 KZT; нет выхода в выборке"
100000008751429100,peripheral,0.4,102,0.4123332308942418,"peripheral: вход от 3, выход к 1; отдаёт 18.8%; оборот 458800 KZT"
100000008752616100,distributor,0.7306324110671937,47,0.5355902372617409,"distributor: вход от 2, выход к 7; отдаёт 1960.9%; оборот 1329510 KZT; рядом с входом ≤24ч: 53.8%"
100000008753061100,terminal,0.65,33,0.3064381961692143,"terminal: вход от 1, выход к 0; отдаёт 0.0%; оборот 28400 KZT; нет выхода в выборке"
100000008753193100,terminal,0.65,36,0.3346065644228994,"terminal: вход от 1, выход к 0; отдаёт 0.0%; оборот 35225 KZT; нет выхода в выборке"
100000008753897100,terminal,0.65,33,0.30399236608315416,"terminal: вход от 1, выход к 0; отдаёт 0.0%; оборот 24050 KZT; нет выхода в выборке"
100000008754608100,terminal,0.65,33,0.29412805795655667,"terminal: вход от 1, выход к 0; отдаёт 0.0%; оборот 12300 KZT; нет выхода в выборке"
100000008754747100,terminal,0.65,33,0.31337208755647034,"terminal: вход от 1, выход к 0; отдаёт 0.0%; оборот 45500 KZT; нет выхода в выборке"
100000008754997100,terminal,0.65,33,0.2997295875576347,"terminal: вход от 1, выход к 0; отдаёт 0.0%; оборот 18000 KZT; нет выхода в выборке"
100000008755168100,terminal,0.65,33,0.2993989864576474,"terminal: вход от 1, выход к 0; отдаёт 0.0%; оборот 17600 KZT; нет выхода в выборке"
100000008755361100,terminal,0.65,36,0.32167700650330533,"terminal: вход от 1, выход к 0; отдаёт 0.0%; оборот 14627 KZT; нет выхода в выборке"
100000008755580100,terminal,0.65,33,0.2979968708370966,"terminal: вход от 1, выход к 0; отдаёт 0.0%; оборот 16000 KZT; нет выхода в выборке"
100000008755754100,terminal,0.65,23,0.2858359938316328,"terminal: вход от 1, выход к 0; отдаёт 0.0%; оборот 7000 KZT; нет выхода в выборке"
100000008757301100,terminal,0.25,0,0.25874292718539793,"terminal: вход от 1, выход к 0; отдаёт 0.0%; оборот 58398 KZT; возможен артефакт обрыва графа на 4 колене"
100000008757369100,peripheral,0.4,0,0.2832391285495402,"peripheral: вход от 1, выход к 1; отдаёт 224.9%; оборот 84359 KZT"
100000008758106100,terminal,0.25,47,0.24909912405590778,"terminal: вход от 1, выход к 0; отдаёт 0.0%; оборот 10000 KZT; возможен артефакт обрыва графа на 4 колене"
100000008758168100,distributor,0.6930946791862285,38,0.5284310747162076,"distributor: вход от 2, выход к 5; отдаёт 2033.7%; оборот 1609010 KZT; рядом с входом ≤24ч: 28.7%"
100000008758607100,terminal,0.25,47,0.23890304395740541,"terminal: вход от 1, выход к 0; отдаёт 0.0%; оборот 5000 KZT; возможен артефакт обрыва графа на 4 колене"
100000008759795100,terminal,0.25,51,0.24058798168748136,"terminal: вход от 1, выход к 0; отдаёт 0.0%; оборот 17000 KZT; возможен артефакт обрыва графа на 4 колене"
100000008759857100,peripheral,0.4,38,0.36254530584758293,"peripheral: вход от 1, выход к 2; отдаёт 19880.0%; оборот 999000 KZT"
100000008760098100,peripheral,0.4,38,0.33391996969920845,"peripheral: вход от 1, выход к 1; отдаёт 5571.4%; оборот 397000 KZT"
100000008761132100,terminal,0.25,47,0.24909912405590778,"terminal: вход от 1, выход к 0; отдаёт 0.0%; оборот 10000 KZT; возможен артефакт обрыва графа на 4 колене"
100000008761219100,peripheral,0.4,69,0.37062430796222207,"peripheral: вход от 2, выход к 2; отдаёт 750.0%; оборот 425000 KZT"
100000008761220100,terminal,0.25,47,0.24909912405590778,"terminal: вход от 1, выход к 0; отдаёт 0.0%; оборот 10000 KZT; возможен артефакт обрыва графа на 4 колене"
100000008762005100,terminal,0.25,47,0.22258592765274438,"terminal: вход от 1, выход к 0; отдаёт 0.0%; оборот 5000 KZT; возможен артефакт обрыва графа на 4 колене"
100000008762728100,terminal,0.65,5,0.33513883357025986,"terminal: вход от 1, выход к 0; отдаёт 0.0%; оборот 17026 KZT; нет выхода в выборке"
100000008762832100,peripheral,0.4,2,0.32064179655471675,"peripheral: вход от 1, выход к 1; отдаёт 56.7%; оборот 235000 KZT"
100000008762843100,terminal,0.25,47,0.22753525197612834,"terminal: вход от 1, выход к 0; отдаёт 0.0%; оборот 7000 KZT; возможен артефакт обрыва графа на 4 колене"
100000008762885100,terminal,0.25,47,0.22753525197612834,"terminal: вход от 1, выход к 0; отдаёт 0.0%; оборот 7000 KZT; возможен артефакт обрыва графа на 4 колене"
100000008763688100,terminal,0.65,33,0.3019973288770357,"terminal: вход от 1, выход к 0; отдаёт 0.0%; оборот 21000 KZT; нет выхода в выборке"
100000008764436100,terminal,0.65,29,0.30338836228473326,"terminal: вход от 1, выход к 0; отдаёт 0.0%; оборот 13100 KZT; нет выхода в выборке"
100000008764654100,terminal,0.65,33,0.305223916528557,"terminal: вход от 1, выход к 0; отдаёт 0.0%; оборот 26150 KZT; нет выхода в выборке"
100000008765494100,terminal,0.65,29,0.31229508266448425,"terminal: вход от 1, выход к 0; отдаёт 0.0%; оборот 24000 KZT; нет выхода в выборке"
100000008765627100,terminal,0.65,44,0.32577514413940234,"terminal: вход от 1, выход к 0; отдаёт 0.0%; оборот 60000 KZT; нет выхода в выборке"
100000008766031100,terminal,0.25,47,0.23890304395740541,"terminal: вход от 1, выход к 0; отдаёт 0.0%; оборот 5000 KZT; возможен артефакт обрыва графа на 4 колене"
100000008766764100,terminal,0.25,47,0.23890304395740541,"terminal: вход от 1, выход к 0; отдаёт 0.0%; оборот 5000 KZT; возможен артефакт обрыва графа на 4 колене"
100000008767027100,terminal,0.65,38,0.30878096407336175,"terminal: вход от 1, выход к 0; отдаёт 0.0%; оборот 5000 KZT; нет выхода в выборке"
100000008767065100,terminal,0.65,38,0.3189770441718641,"terminal: вход от 1, выход к 0; отдаёт 0.0%; оборот 10000 KZT; нет выхода в выборке"
100000008767925100,terminal,0.65,36,0.32401281036284485,"terminal: вход от 1, выход к 0; отдаёт 0.0%; оборот 17144 KZT; нет выхода в выборке"
100000008767950100,terminal,0.65,33,0.29918852343319,"terminal: вход от 1, выход к 0; отдаёт 0.0%; оборот 17350 KZT; нет выхода в выборке"
100000008768896100,terminal,0.65,36,0.3388680324428276,"terminal: вход от 1, выход к 0; отдаёт 0.0%; оборот 47060 KZT; нет выхода в выборке"
100000008769097100,terminal,0.65,33,0.30777427156644926,"terminal: вход от 1, выход к 0; отдаёт 0.0%; оборот 31100 KZT; нет выхода в выборке"
100000008769636100,terminal,0.65,36,0.3284109233001499,"terminal: вход от 1, выход к 0; отдаёт 0.0%; оборот 23118 KZT; нет выхода в выборке"
100000008770483100,terminal,0.25,69,0.23890304395740541,"terminal: вход от 1, выход к 0; отдаёт 0.0%; оборот 5000 KZT; возможен артефакт обрыва графа на 4 колене"
100000008771627100,terminal,0.65,29,0.3067828876081118,"terminal: вход от 1, выход к 0; отдаёт 0.0%; оборот 16500 KZT; нет выхода в выборке"
100000008771814100,terminal,0.65,29,0.3121100319287033,"terminal: вход от 1, выход к 0; отдаёт 0.0%; оборот 23700 KZT; нет выхода в выборке"
100000008771819100,terminal,0.65,36,0.33606651292927847,"terminal: вход от 1, выход к 0; отдаёт 0.0%; оборот 38900 KZT; нет выхода в выборке"
100000008772058100,terminal,0.65,29,0.32309288639078165,"terminal: вход от 1, выход к 0; отдаёт 0.0%; оборот 50000 KZT; нет выхода в выборке"
100000008772246100,terminal,0.65,33,0.3130451490037452,"terminal: вход от 1, выход к 0; отдаёт 0.0%; оборот 44500 KZT; нет выхода в выборке"
100000008773876100,terminal,0.65,36,0.3302070295244498,"terminal: вход от 1, выход к 0; отдаёт 0.0%; оборот 26120 KZT; нет выхода в выборке"
100000008774237100,peripheral,0.4,66,0.31240021918545047,"peripheral: вход от 1, выход к 1; отдаёт 20.0%; оборот 60000 KZT"
100000008775471100,terminal,0.65,38,0.35081836423545837,"terminal: вход от 1, выход к 0; отдаёт 0.0%; оборот 580000 KZT; нет выхода в выборке"
100000008775747100,terminal,0.25,47,0.23890304395740541,"terminal: вход от 1, выход к 0; отдаёт 0.0%; оборот 5000 KZT; возможен артефакт обрыва графа на 4 колене"
100000008776298100,terminal,0.65,36,0.337472115448862,"terminal: вход от 1, выход к 0; отдаёт 0.0%; оборот 42800 KZT; нет выхода в выборке"
100000008776310100,terminal,0.65,33,0.3006790243839067,"terminal: вход от 1, выход к 0; отдаёт 0.0%; оборот 19200 KZT; нет выхода в выборке"
100000008776420100,terminal,0.65,33,0.3196041728606808,"terminal: вход от 1, выход к 0; отдаёт 0.0%; оборот 69500 KZT; нет выхода в выборке"
100000008776576100,terminal,0.65,36,0.3218151479535915,"terminal: вход от 1, выход к 0; отдаёт 0.0%; оборот 14765 KZT; нет выхода в выборке"
100000008776720100,terminal,0.65,33,0.305223916528557,"terminal: вход от 1, выход к 0; отдаёт 0.0%; оборот 26150 KZT; нет выхода в выборке"
100000008777088100,terminal,0.65,36,0.3247295875576347,"terminal: вход от 1, выход к 0; отдаёт 0.0%; оборот 18000 KZT; нет выхода в выборке"
100000008778010100,terminal,0.25,61,0.26280151590031603,"terminal: вход от 1, выход к 0; отдаёт 0.0%; оборот 76950 KZT; возможен артефакт обрыва графа на 4 колене"
100000008778753100,terminal,0.25,13,0.23278200775124674,"terminal: вход от 1, выход к 0; отдаёт 0.0%; оборот 10000 KZT; возможен артефакт обрыва графа на 4 колене"
100000008779584100,terminal,0.65,36,0.3329155029127591,"terminal: вход от 1, выход к 0; отдаёт 0.0%; оборот 31400 KZT; нет выхода в выборке"
100000008782056100,terminal,0.65,36,0.331787302878866,"terminal: вход от 1, выход к 0; отдаёт 0.0%; оборот 29082 KZT; нет выхода в выборке"
100000008782421100,terminal,0.65,36,0.33966509583932847,"terminal: вход от 1, выход к 0; отдаёт 0.0%; оборот 49680 KZT; нет выхода в выборке"
100000008782800100,terminal,0.65,36,0.33767047884163875,"terminal: вход от 1, выход к 0; отдаёт 0.0%; оборот 43381 KZT; нет выхода в выборке"
